# Independently curated public terminology, CC0-1.0; no upstream prose copied.
大语言模型	da yu yan mo xing	250	2026-10-02		自主整理
多模态模型	duo mo tai mo xing	250	2026-10-02		自主整理
多模态智能体	duo mo tai zhi neng ti	250	2026-10-02		自主整理
智能体编排	zhi neng ti bian pai	250	2026-10-02		自主整理
智能体工作流	zhi neng ti gong zuo liu	250	2026-10-02		自主整理
多智能体协作	duo zhi neng ti xie zuo	250	2026-10-02		自主整理
工具调用	gong ju diao yong	250	2026-10-02		自主整理
函数调用	han shu diao yong	250	2026-10-02		自主整理
结构化输出	jie gou hua shu chu	250	2026-10-02		自主整理
检索增强生成	jian suo zeng qiang sheng cheng	250	2026-10-02		自主整理
上下文工程	shang xia wen gong cheng	250	2026-10-02		自主整理
上下文窗口	shang xia wen chuang kou	250	2026-10-02		自主整理
提示词工程	ti shi ci gong cheng	250	2026-10-02		自主整理
向量数据库	xiang liang shu ju ku	250	2026-10-02		自主整理
语义检索	yu yi jian suo	250	2026-10-02		自主整理
稀疏检索	xi shu jian suo	250	2026-10-02		自主整理
混合检索	hun he jian suo	250	2026-10-02		自主整理
推理模型	tui li mo xing	250	2026-10-02		自主整理
推理预算	tui li yu suan	250	2026-10-02		自主整理
投机解码	tou ji jie ma	250	2026-10-02		自主整理
端侧推理	duan ce tui li	250	2026-10-02		自主整理
模型量化	mo xing liang hua	250	2026-10-02		自主整理
低秩适配	di zhi shi pei	250	2026-10-02		自主整理
知识蒸馏	zhi shi zheng liu	250	2026-10-02		自主整理
混合专家模型	hun he zhuan jia mo xing	250	2026-10-02		自主整理
模型上下文协议	mo xing shang xia wen xie yi	250	2026-10-02		自主整理
具身智能	ju shen zhi neng	250	2026-10-02		自主整理
世界模型	shi jie mo xing	250	2026-10-02		自主整理
灵巧手	ling qiao shou	250	2026-10-02		自主整理
离线语音识别	li xian yu yin shi bie	250	2026-10-02		自主整理
流式语音识别	liu shi yu yin shi bie	250	2026-10-02		自主整理
个人语音热词	ge ren yu yin re ci	250	2026-10-02		自主整理
候选固定	hou xuan gu ding	250	2026-10-02		自主整理
跨设备剪贴板	kua she bei jian tie ban	250	2026-10-02		自主整理
手写字形学习	shou xie zi xing xue xi	250	2026-10-02		自主整理
词库来源标记	ci ku lai yuan biao ji	250	2026-10-02		自主整理
云端词库更新	yun duan ci ku geng xin	250	2026-10-02		自主整理
输入习惯学习	shu ru xi guan xue xi	250	2026-10-02		自主整理
