# source: wikipedia-news; CC BY-SA 4.0, see sources.json and SOURCES.md
一揽子增量政策	yi lan zi zeng liang zheng ce	200	2026-10-03		wikipedia-news
一起向未来	yi qi xiang wei lai	200	2026-10-03		wikipedia-news
上海世博会	shang hai shi bo hui	200	2026-10-03		wikipedia-news
不忘初心砥砺奋进	bu wang chu xin di li fen jin	200	2026-10-03		wikipedia-news
不抛弃不放弃	bu pao qi bu fang qi	200	2026-10-03		wikipedia-news
两学一做	liang xue yi zuo	200	2026-10-03		wikipedia-news
中华民族现代文明	zhong hua min zu xian dai wen ming	200	2026-10-03		wikipedia-news
中国农民丰收节	zhong guo nong min feng shou jie	200	2026-10-03		wikipedia-news
中国好声音	zhong guo hao sheng yin	200	2026-10-03		wikipedia-news
中国式过马路	zhong guo shi guo ma lu	200	2026-10-03		wikipedia-news
中美经贸磋商	zhong mei jing mao cuo shang	200	2026-10-03		wikipedia-news
九三阅兵	jiu san yue bing	200	2026-10-03		wikipedia-news
人工智能大模型	ren gong zhi neng da mo xing	200	2026-10-03		wikipedia-news
人民币入篮	ren min bi ru lan	200	2026-10-03		wikipedia-news
人民至上生命至上	ren min zhi shang sheng ming zhi shang	200	2026-10-03		wikipedia-news
人类卫生健康共同体	ren lei wei sheng jian kang gong tong ti	200	2026-10-03		wikipedia-news
伏羲一号	fu xi yi hao	200	2026-10-03		wikipedia-news
保障性租赁住房	bao zhang xing zu lin zhu fang	200	2026-10-03		wikipedia-news
先行示范区	xian xing shi fan qu	200	2026-10-03		wikipedia-news
党的二十大	dang de er shi da	200	2026-10-03		wikipedia-news
全人类共同价值	quan ren lei gong tong jia zhi	200	2026-10-03		wikipedia-news
全国生态日	quan guo sheng tai ri	200	2026-10-03		wikipedia-news
全球南方	quan qiu nan fang	200	2026-10-03		wikipedia-news
全球安全倡议	quan qiu an quan chang yi	200	2026-10-03		wikipedia-news
全球文明倡议	quan qiu wen ming chang yi	200	2026-10-03		wikipedia-news
全球治理倡议	quan qiu zhi li chang yi	200	2026-10-03		wikipedia-news
全过程人民民主	quan guo cheng ren min min zhu	200	2026-10-03		wikipedia-news
共享充电宝	gong xiang chong dian bao	200	2026-10-03		wikipedia-news
共有产权房	gong you chan quan fang	200	2026-10-03		wikipedia-news
冰雪经济	bing xue jing ji	200	2026-10-03		wikipedia-news
北京精神	bei jing jing shen	200	2026-10-03		wikipedia-news
十面霾伏	shi mian mai fu	200	2026-10-03		wikipedia-news
单独二胎	dan du er tai	200	2026-10-03		wikipedia-news
卡塔尔世界杯	ka ta er shi jie bei	200	2026-10-03		wikipedia-news
口红效应	kou hong xiao ying	200	2026-10-03		wikipedia-news
基层减负年	ji ceng jian fu nian	200	2026-10-03		wikipedia-news
墨子巡天	mo zi xun tian	200	2026-10-03		wikipedia-news
大众创业万众创新	da zhong chuang ye wan zhong chuang xin	200	2026-10-03		wikipedia-news
大数据杀熟	da shu ju sha shou	200	2026-10-03		wikipedia-news
天宫二号	tian gong er hao	200	2026-10-03		wikipedia-news
天舟一号	tian zhou yi hao	200	2026-10-03		wikipedia-news
太空会师	tai kong hui shi	200	2026-10-03		wikipedia-news
嫦娥一号	chang e yi hao	200	2026-10-03		wikipedia-news
嫦娥二号	chang e er hao	200	2026-10-03		wikipedia-news
学习强国	xue xi qiang guo	200	2026-10-03		wikipedia-news
对等关税	dui deng guan shui	200	2026-10-03		wikipedia-news
巴黎奥运会	ba li ao yun hui	200	2026-10-03		wikipedia-news
幸福都是奋斗出来的	xing fu dou shi fen dou chu lai de	200	2026-10-03		wikipedia-news
广州亚运会	guang zhou ya yun hui	200	2026-10-03		wikipedia-news
弹性延迟	tan xing yan chi	200	2026-10-03		wikipedia-news
我和我的祖国	wo he wo de zu guo	200	2026-10-03		wikipedia-news
撸起袖子加油干	lu qi xiu zi jia you gan	200	2026-10-03		wikipedia-news
改革开放四十周年	gai ge kai fang si shi zhou nian	200	2026-10-03		wikipedia-news
数字中国	shu zi zhong guo	200	2026-10-03		wikipedia-news
数字人民币	shu zi ren min bi	200	2026-10-03		wikipedia-news
数字藏品	shu zi cang pin	200	2026-10-03		wikipedia-news
数智生活	shu zhi sheng huo	200	2026-10-03		wikipedia-news
文明互鉴	wen ming hu jian	200	2026-10-03		wikipedia-news
新型实体企业	xin xing shi ti qi ye	200	2026-10-03		wikipedia-news
新大众文艺	xin da zhong wen yi	200	2026-10-03		wikipedia-news
新职人	xin zhi ren	200	2026-10-03		wikipedia-news
无接触配送	wu jie chu pei song	200	2026-10-03		wikipedia-news
无症状感染者	wu zheng zhuang gan ran zhe	200	2026-10-03		wikipedia-news
智能向善	zhi neng xiang shan	200	2026-10-03		wikipedia-news
最炫民族风	zui xuan min zu feng	200	2026-10-03		wikipedia-news
本源悟空	ben yuan wu kong	200	2026-10-03		wikipedia-news
杭州亚运会	hang zhou ya yun hui	200	2026-10-03		wikipedia-news
民营经济促进法	min ying jing ji cu jin fa	200	2026-10-03		wikipedia-news
消费提振年	xiao fei ti zhen nian	200	2026-10-03		wikipedia-news
爱达未来	ai da wei lai	200	2026-10-03		wikipedia-news
爸爸去哪儿	ba ba qu na er	200	2026-10-03		wikipedia-news
现代化人民城市	xian dai hua ren min cheng shi	200	2026-10-03		wikipedia-news
生成式人工智能	sheng cheng shi ren gong zhi neng	200	2026-10-03		wikipedia-news
百年未有之大变局	bai nian wei you zhi da bian ju	200	2026-10-03		wikipedia-news
百模大战	bai mo da zhan	200	2026-10-03		wikipedia-news
直播答题	zhi bo da ti	200	2026-10-03		wikipedia-news
碳达峰碳中和	tan da feng tan zhong he	200	2026-10-03		wikipedia-news
神舟十七号	shen zhou shi qi hao	200	2026-10-03		wikipedia-news
端稳中国饭碗	duan wen zhong guo fan wan	200	2026-10-03		wikipedia-news
网络大电影	wang luo da dian ying	200	2026-10-03		wikipedia-news
网络生态治理	wang luo sheng tai zhi li	200	2026-10-03		wikipedia-news
育儿补贴	yu er bu tie	200	2026-10-03		wikipedia-news
舌尖上的中国	she jian shang de zhong guo	200	2026-10-03		wikipedia-news
莫言热	mo yan re	200	2026-10-03		wikipedia-news
起云剂	qi yun ji	200	2026-10-03		wikipedia-news
超长期特别国债	chao chang qi te bie guo zhai	200	2026-10-03		wikipedia-news
跨周期调节	kua zhou qi tiao jie	200	2026-10-03		wikipedia-news
跨境支付通	kua jing zhi fu tong	200	2026-10-03		wikipedia-news
踔厉奋发勇毅前行	chuo li fen fa yong yi qian xing	200	2026-10-03		wikipedia-news
里约奥运会	li yue ao yun hui	200	2026-10-03		wikipedia-news
银发力量	yin fa li liang	200	2026-10-03		wikipedia-news
限竞房	xian jing fang	200	2026-10-03		wikipedia-news
青年夜校	qing nian ye xiao	200	2026-10-03		wikipedia-news
