# source: wiktionary-idioms; CC BY-SA 4.0, see sources.json and SOURCES.md
一个愿打	yi ge yuan da	150	2026-10-03		wiktionary-idioms
一个愿挨	yi ge yuan ai	150	2026-10-03		wiktionary-idioms
一举手一投足	yi ju shou yi tou zu	150	2026-10-03		wiktionary-idioms
一人计短二人计长	yi ren ji duan er ren ji chang	150	2026-10-03		wiktionary-idioms
一佛出世二佛涅槃	yi fo chu shi er fo nie pan	150	2026-10-03		wiktionary-idioms
一元复始万象更新	yi yuan fu shi wan xiang geng xin	150	2026-10-03		wiktionary-idioms
一分钱一分货	yi fen qian yi fen huo	150	2026-10-03		wiktionary-idioms
一口吃不成个胖子	yi kou chi bu cheng ge pang zi	150	2026-10-03		wiktionary-idioms
一口吃成个胖子	yi kou chi cheng ge pang zi	150	2026-10-03		wiktionary-idioms
一叶蔽目不见泰山	yi ye bi mu bu jian tai shan	150	2026-10-03		wiktionary-idioms
一命二运三风水	yi ming er yun san feng shui	150	2026-10-03		wiktionary-idioms
一哭二闹三上吊	yi ku er nao san shang diao	150	2026-10-03		wiktionary-idioms
一失足成千古恨	yi shi zu cheng qian gu hen	150	2026-10-03		wiktionary-idioms
一寸光阴一寸金	yi cun guang yin yi cun jin	150	2026-10-03		wiktionary-idioms
一将功成万骨枯	yi jiang gong cheng wan gu ku	150	2026-10-03		wiktionary-idioms
一山还有一山高	yi shan hai you yi shan gao	150	2026-10-03		wiktionary-idioms
一年之计在于春	yi nian zhi ji zai yu chun	150	2026-10-03		wiktionary-idioms
一年容易又中秋	yi nian rong yi you zhong qiu	150	2026-10-03		wiktionary-idioms
一手交钱一手交货	yi shou jiao qian yi shou jiao huo	150	2026-10-03		wiktionary-idioms
一手好牌打得稀烂	yi shou hao pai da de xi lan	150	2026-10-03		wiktionary-idioms
一手托两家	yi shou tuo liang jia	150	2026-10-03		wiktionary-idioms
一把鼻涕一把泪	yi ba bi ti yi ba lei	150	2026-10-03		wiktionary-idioms
一抓一大把	yi zhua yi da ba	150	2026-10-03		wiktionary-idioms
一指蔽目不见泰山	yi zhi bi mu bu jian tai shan	150	2026-10-03		wiktionary-idioms
一损俱损一荣俱荣	yi sun ju sun yi rong ju rong	150	2026-10-03		wiktionary-idioms
一方有难八方支援	yi fang you nan ba fang zhi yuan	150	2026-10-03		wiktionary-idioms
一日一苹果医生远离我	yi ri yi ping guo yi sheng yuan li wo	150	2026-10-03		wiktionary-idioms
一日为师终身为父	yi ri wei shi zhong shen wei fu	150	2026-10-03		wiktionary-idioms
一日之计在于晨	yi ri zhi ji zai yu chen	150	2026-10-03		wiktionary-idioms
一日千秋	yi ri qian qiu	150	2026-10-03		wiktionary-idioms
一时苟安	yi shi gou an	150	2026-10-03		wiktionary-idioms
一朝被蛇咬十年怕草绳	yi zhao bei she yao shi nian pa cao sheng	150	2026-10-03		wiktionary-idioms
一朵鲜花插在牛粪上	yi duo xian hua cha zai niu fen shang	150	2026-10-03		wiktionary-idioms
一条路走到黑	yi tiao lu zou dao hei	150	2026-10-03		wiktionary-idioms
一枪毙敌	yi qiang bi di	150	2026-10-03		wiktionary-idioms
一样米养百样人	yi yang mi yang bai yang ren	150	2026-10-03		wiktionary-idioms
一步一回头	yi bu yi hui tou	150	2026-10-03		wiktionary-idioms
一步错步步错	yi bu cuo bu bu cuo	150	2026-10-03		wiktionary-idioms
一毛一样	yi mao yi yang	150	2026-10-03		wiktionary-idioms
一法通万法通	yi fa tong wan fa tong	150	2026-10-03		wiktionary-idioms
一法通百法通	yi fa tong bai fa tong	150	2026-10-03		wiktionary-idioms
一波未平一波再起	yi bo wei ping yi bo zai qi	150	2026-10-03		wiktionary-idioms
一燕不成夏	yi yan bu cheng xia	150	2026-10-03		wiktionary-idioms
一理通百理明	yi li tong bai li ming	150	2026-10-03		wiktionary-idioms
一生受用不尽	yi sheng shou yong bu jin	150	2026-10-03		wiktionary-idioms
一盏茶工夫	yi zhan cha gong fu	150	2026-10-03		wiktionary-idioms
一竿子打翻一船人	yi gan zi da fan yi chuan ren	150	2026-10-03		wiktionary-idioms
一粒老鼠屎坏了一锅粥	yi li lao shu shi huai le yi guo zhou	150	2026-10-03		wiktionary-idioms
一而二二而一	yi er er er er yi	150	2026-10-03		wiktionary-idioms
一脚高一脚低	yi jiao gao yi jiao di	150	2026-10-03		wiktionary-idioms
一荣俱荣一损俱损	yi rong ju rong yi sun ju sun	150	2026-10-03		wiktionary-idioms
一言两句	yi yan liang ju	150	2026-10-03		wiktionary-idioms
一言立信	yi yan li xin	150	2026-10-03		wiktionary-idioms
一退六二五	yi tui liu er wu	150	2026-10-03		wiktionary-idioms
一阵青一阵白	yi zhen qing yi zhen bai	150	2026-10-03		wiktionary-idioms
一饮一啄莫非前定	yi yin yi zhuo mo fei qian ding	150	2026-10-03		wiktionary-idioms
七上八下	qi shang ba xia	150	2026-10-03		wiktionary-idioms
七十瓦上霜八十不稀奇	qi shi wa shang shuang ba shi bu xi qi	150	2026-10-03		wiktionary-idioms
万丈高楼平地起	wan zhang gao lou ping di qi	150	2026-10-03		wiktionary-idioms
万事起头难	wan shi qi tou nan	150	2026-10-03		wiktionary-idioms
万代不易	wan dai bu yi	150	2026-10-03		wiktionary-idioms
万代千秋	wan dai qian qiu	150	2026-10-03		wiktionary-idioms
万般皆下品惟有读书高	wan ban jie xia pin wei you du shu gao	150	2026-10-03		wiktionary-idioms
丈八灯台照远不照近	zhang ba deng tai zhao yuan bu zhao jin	150	2026-10-03		wiktionary-idioms
丈八金刚摸不着头脑	zhang ba jing ang mo bu zhao tou nao	150	2026-10-03		wiktionary-idioms
丈夫有泪不轻弹	zhang fu you lei bu qing tan	150	2026-10-03		wiktionary-idioms
三一三十一	san yi san shi yi	150	2026-10-03		wiktionary-idioms
三七二十一	san qi er shi yi	150	2026-10-03		wiktionary-idioms
三个女人一台戏	san ge nv ren yi tai xi	150	2026-10-03		wiktionary-idioms
三军可夺帅	san jun ke duo shuai	150	2026-10-03		wiktionary-idioms
三军未动粮草先行	san jun wei dong liang cao xian xing	150	2026-10-03		wiktionary-idioms
三军未发粮草先行	san jun wei fa liang cao xian xing	150	2026-10-03		wiktionary-idioms
三十六计走为上计	san shi liu ji zou wei shang ji	150	2026-10-03		wiktionary-idioms
三天不打上房揭瓦	san tian bu da shang fang jie wa	150	2026-10-03		wiktionary-idioms
三天打鱼两天晒网	san tian da yu liang tian shai wang	150	2026-10-03		wiktionary-idioms
三头两日	san tou liang ri	150	2026-10-03		wiktionary-idioms
三日不读书面目可憎	san ri bu du shu mian mu ke zeng	150	2026-10-03		wiktionary-idioms
三日打鱼两日晒网	san ri da yu liang ri shai wang	150	2026-10-03		wiktionary-idioms
三百六十行行行出状元	san bai liu shi hang hang hang chu zhuang yuan	150	2026-10-03		wiktionary-idioms
三言二语	san yan er yu	150	2026-10-03		wiktionary-idioms
三里不同调十里不同音	san li bu tong diao shi li bu tong yin	150	2026-10-03		wiktionary-idioms
上不着天下不着地	shang bu zhao tian xia bu zhao di	150	2026-10-03		wiktionary-idioms
上山容易下山难	shang shan rong yi xia shan nan	150	2026-10-03		wiktionary-idioms
上山捉蟹难	shang shan zhuo xie nan	150	2026-10-03		wiktionary-idioms
上有政策下有对策	shang you zheng ce xia you dui ce	150	2026-10-03		wiktionary-idioms
上谄下骄	shang chan xia jiao	150	2026-10-03		wiktionary-idioms
下乔木入幽谷	xia qiao mu ru you gu	150	2026-10-03		wiktionary-idioms
不世之材	bu shi zhi cai	150	2026-10-03		wiktionary-idioms
不买帐	bu mai zhang	150	2026-10-03		wiktionary-idioms
不以物喜不以己悲	bu yi wu xi bu yi ji bei	150	2026-10-03		wiktionary-idioms
不做不错	bu zuo bu cuo	150	2026-10-03		wiktionary-idioms
不加思索	bu jia si suo	150	2026-10-03		wiktionary-idioms
不可无一不可有二	bu ke wu yi bu ke you er	150	2026-10-03		wiktionary-idioms
不可望其项背	bu ke wang qi xiang bei	150	2026-10-03		wiktionary-idioms
不听老人言吃亏在眼前	bu ting lao ren yan chi kui zai yan qian	150	2026-10-03		wiktionary-idioms
不塞不流不止不行	bu se bu liu bu zhi bu xing	150	2026-10-03		wiktionary-idioms
不如意事十常八九	bu ru yi shi shi chang ba jiu	150	2026-10-03		wiktionary-idioms
不如自己的狗窝	bu ru zi ji de gou wo	150	2026-10-03		wiktionary-idioms
不孝有三无后为大	bu xiao you san wu hou wei da	150	2026-10-03		wiktionary-idioms
不当家不知柴米贵	bu dang jia bu zhi chai mi gui	150	2026-10-03		wiktionary-idioms
不待蓍龟	bu dai shi gui	150	2026-10-03		wiktionary-idioms
不得已而求其次	bu de yi er qiu qi ci	150	2026-10-03		wiktionary-idioms
不得已而退求其次	bu de yi er tui qiu qi ci	150	2026-10-03		wiktionary-idioms
不忍坐视	bu ren zuo shi	150	2026-10-03		wiktionary-idioms
不怕官只怕管	bu pa guan zhi pa guan	150	2026-10-03		wiktionary-idioms
不怕慢只怕站	bu pa man zhi pa zhan	150	2026-10-03		wiktionary-idioms
不怕慢就怕站	bu pa man jiu pa zhan	150	2026-10-03		wiktionary-idioms
不患寡而患不均	bu huan gua er huan bu jun	150	2026-10-03		wiktionary-idioms
不愁衣食	bu chou yi shi	150	2026-10-03		wiktionary-idioms
不战而屈人之兵	bu zhan er qu ren zhi bing	150	2026-10-03		wiktionary-idioms
不是一家人不进一家门	bu shi yi jia ren bu jin yi jia men	150	2026-10-03		wiktionary-idioms
不是鱼死就是网破	bu shi yu si jiu shi wang po	150	2026-10-03		wiktionary-idioms
不死也半条命	bu si ye ban tiao ming	150	2026-10-03		wiktionary-idioms
不比不知道一比吓一跳	bu bi bu zhi dao yi bi xia yi tiao	150	2026-10-03		wiktionary-idioms
不知人间有羞耻事	bu zhi ren jian you xiu chi shi	150	2026-10-03		wiktionary-idioms
不知分寸	bu zhi fen cun	150	2026-10-03		wiktionary-idioms
不能赞一辞	bu neng zan yi ci	150	2026-10-03		wiktionary-idioms
不良于行	bu liang yu xing	150	2026-10-03		wiktionary-idioms
不许百姓点灯	bu xu bai xing dian deng	150	2026-10-03		wiktionary-idioms
不走寻常路	bu zou xun chang lu	150	2026-10-03		wiktionary-idioms
不足轻重	bu zu qing zhong	150	2026-10-03		wiktionary-idioms
丑人多作怪	chou ren duo zuo guai	150	2026-10-03		wiktionary-idioms
丑媳妇总得见公婆	chou xi fu zong dei jian gong po	150	2026-10-03		wiktionary-idioms
业精于勤而荒于嬉	ye jing yu qin er huang yu xi	150	2026-10-03		wiktionary-idioms
东家长西家短	dong jia chang xi jia duan	150	2026-10-03		wiktionary-idioms
东海捞针	dong hai lao zhen	150	2026-10-03		wiktionary-idioms
东瓜茄子	dong gua qie zi	150	2026-10-03		wiktionary-idioms
东西南北中	dong xin an bei zhong	150	2026-10-03		wiktionary-idioms
东观西望	dong guan xi wang	150	2026-10-03		wiktionary-idioms
丢入爪哇国里	diu ru zhao wa guo li	150	2026-10-03		wiktionary-idioms
两害相权取其轻	liang hai xiang quan qu qi qing	150	2026-10-03		wiktionary-idioms
严以律己宽以待人	yan yi lv ji kuan yi dai ren	150	2026-10-03		wiktionary-idioms
临时抱耶稣脚	lin shi bao ye su jiao	150	2026-10-03		wiktionary-idioms
临死不恐	lin si bu kong	150	2026-10-03		wiktionary-idioms
临渊羡鱼不如退而结网	lin yuan xian yu bu ru tui er jie wang	150	2026-10-03		wiktionary-idioms
临难不恐	lin nan bu kong	150	2026-10-03		wiktionary-idioms
为反而反	wei fan er fan	150	2026-10-03		wiktionary-idioms
为善不欲人知	wei shan bu yu ren zhi	150	2026-10-03		wiktionary-idioms
为民除患	wei min chu huan	150	2026-10-03		wiktionary-idioms
为渊驱鱼为丛驱雀	wei yuan qu yu wei cong qu que	150	2026-10-03		wiktionary-idioms
丽日光天	li ri guang tian	150	2026-10-03		wiktionary-idioms
举一赅百	ju yi gai bai	150	2026-10-03		wiktionary-idioms
举动荆棘	ju dong jing ji	150	2026-10-03		wiktionary-idioms
举头三尺有神明	ju tou san chi you shen ming	150	2026-10-03		wiktionary-idioms
久病床前无孝子	jiu bing chuang qian wu xiao zi	150	2026-10-03		wiktionary-idioms
乌云遮不住太阳的光辉	wu yun zhe bu zhu tai yang de guang hui	150	2026-10-03		wiktionary-idioms
乌头白马生角	wu tou bai ma sheng jiao	150	2026-10-03		wiktionary-idioms
乖觉可喜	guai jue ke xi	150	2026-10-03		wiktionary-idioms
乘胜直追	cheng sheng zhi zhui	150	2026-10-03		wiktionary-idioms
书中自有颜如玉	shu zhong zi you yan ru yu	150	2026-10-03		wiktionary-idioms
书中自有黄金屋	shu zhong zi you huang jin wu	150	2026-10-03		wiktionary-idioms
书山有路勤为径	shu shan you lu qin wei jing	150	2026-10-03		wiktionary-idioms
乱拳打死老师傅	luan quan da si lao shi fu	150	2026-10-03		wiktionary-idioms
乱点鸳鸯谱	luan dian yuan yang pu	150	2026-10-03		wiktionary-idioms
事不关己己不劳心	shi bu guan ji ji bu lao xin	150	2026-10-03		wiktionary-idioms
二八月乱穿衣	er ba yue luan chuan yi	150	2026-10-03		wiktionary-idioms
云屯雨集	yun tun yu ji	150	2026-10-03		wiktionary-idioms
五十步笑一百步	wu shi bu xiao yi bai bu	150	2026-10-03		wiktionary-idioms
亲兄弟明算账	qin xiong di ming suan zhang	150	2026-10-03		wiktionary-idioms
人不像人鬼不像鬼	ren bu xiang ren gui bu xiang gui	150	2026-10-03		wiktionary-idioms
人中豪杰	ren zhong hao jie	150	2026-10-03		wiktionary-idioms
人为财死鸟为食亡	ren wei cai si niao wei shi wang	150	2026-10-03		wiktionary-idioms
人之患在好为人师	ren zhi huan zai hao wei ren shi	150	2026-10-03		wiktionary-idioms
人同此心心同此理	ren tong ci xin xin tong ci li	150	2026-10-03		wiktionary-idioms
人善得人欺马善得人骑	ren shan de ren qi ma shan de ren qi	150	2026-10-03		wiktionary-idioms
人在做天在看	ren zai zuo tian zai kan	150	2026-10-03		wiktionary-idioms
人在屋檐下不得不低头	ren zai wu yan xia bu de bu di tou	150	2026-10-03		wiktionary-idioms
人外有人天外有天	ren wai you ren tian wai you tian	150	2026-10-03		wiktionary-idioms
人多好办事	ren duo hao ban shi	150	2026-10-03		wiktionary-idioms
人多手脚乱	ren duo shou jiao luan	150	2026-10-03		wiktionary-idioms
人必自侮然后人侮之	ren bi zi wu ran hou ren wu zhi	150	2026-10-03		wiktionary-idioms
人必自侮而后人侮之	ren bi zi wu er hou ren wu zhi	150	2026-10-03		wiktionary-idioms
人必自重而后人重之	ren bi zi zhong er hou ren zhong zhi	150	2026-10-03		wiktionary-idioms
人怕出名猪怕肥	ren pa chu ming zhu pa fei	150	2026-10-03		wiktionary-idioms
人无千日好花无百日红	ren wu qian ri hao hua wu bai ri hong	150	2026-10-03		wiktionary-idioms
人比人气死人	ren bi ren qi si ren	150	2026-10-03		wiktionary-idioms
人生如戏戏如人生	ren sheng ru xi xi ru ren sheng	150	2026-10-03		wiktionary-idioms
人贵自知	ren gui zi zhi	150	2026-10-03		wiktionary-idioms
人过留名雁过留声	ren guo liu ming yan guo liu sheng	150	2026-10-03		wiktionary-idioms
人靠衣装佛靠金装	ren kao yi zhuang fo kao jin zhuang	150	2026-10-03		wiktionary-idioms
今天的我打倒昨天的我	jin tian de wo da dao zuo tian de wo	150	2026-10-03		wiktionary-idioms
仕途多蹇	shi tu duo jian	150	2026-10-03		wiktionary-idioms
他山之石可以攻玉	ta shan zhi shi ke yi gong yu	150	2026-10-03		wiktionary-idioms
付之厥如	fu zhi jue ru	150	2026-10-03		wiktionary-idioms
以其人之道	yi qi ren zhi dao	150	2026-10-03		wiktionary-idioms
以小人之心度君子之腹	yi xiao ren zhi xin duo jun zi zhi fu	150	2026-10-03		wiktionary-idioms
以盲辨色	yi mang bian se	150	2026-10-03		wiktionary-idioms
以眼还眼以牙还牙	yi yan huan yan yi ya huan ya	150	2026-10-03		wiktionary-idioms
但愿人长久千里共婵娟	dan yuan ren chang jiu qian li gong chan juan	150	2026-10-03		wiktionary-idioms
但没钱万万不能	dan mei qian wan wan bu neng	150	2026-10-03		wiktionary-idioms
低枝倒挂	di zhi dao gua	150	2026-10-03		wiktionary-idioms
作贼心虚	zuo zei xin xu	150	2026-10-03		wiktionary-idioms
你的日子也必如何	ni de ri zi ye bi ru he	150	2026-10-03		wiktionary-idioms
你的样子如何	ni de yang zi ru he	150	2026-10-03		wiktionary-idioms
佯输诈败	yang shu zha bai	150	2026-10-03		wiktionary-idioms
侯门深似海	hou men shen si hai	150	2026-10-03		wiktionary-idioms
倒抽一口气	dao chou yi kou qi	150	2026-10-03		wiktionary-idioms
倚强欺弱	yi qiang qi ruo	150	2026-10-03		wiktionary-idioms
债务累累	zhai wu lei lei	150	2026-10-03		wiktionary-idioms
做一行怨一行	zuo yi hang yuan yi hang	150	2026-10-03		wiktionary-idioms
偷得浮生半日闲	tou de fu sheng ban ri xian	150	2026-10-03		wiktionary-idioms
偷目窃望	tou mu qie wang	150	2026-10-03		wiktionary-idioms
傲慢不恭	ao man bu gong	150	2026-10-03		wiktionary-idioms
傲气十足	ao qi shi zu	150	2026-10-03		wiktionary-idioms
傲骨嶙峋	ao gu lin xun	150	2026-10-03		wiktionary-idioms
兄弟如手足妻子如衣服	xiong di ru shou zu qi zi ru yi fu	150	2026-10-03		wiktionary-idioms
充饥画饼	chong ji hua bing	150	2026-10-03		wiktionary-idioms
先发制人后发制于人	xian fa zhi ren hou fa zhi yu ren	150	2026-10-03		wiktionary-idioms
先天下之忧而忧	xian tian xia zhi you er you	150	2026-10-03		wiktionary-idioms
先工作后玩乐	xian gong zuo hou wan le	150	2026-10-03		wiktionary-idioms
先撩者贱	xian liao zhe jian	150	2026-10-03		wiktionary-idioms
先敬罗衣后敬人	xian jing luo yi hou jing ren	150	2026-10-03		wiktionary-idioms
先甘后苦	xiang an hou ku	150	2026-10-03		wiktionary-idioms
光彩耀目	guang cai yao mu	150	2026-10-03		wiktionary-idioms
光阴似箭日月如梭	guang yin si jian ri yue ru suo	150	2026-10-03		wiktionary-idioms
兔死狐悲物伤其类	tu si hu bei wu shang qi lei	150	2026-10-03		wiktionary-idioms
入境随俗	ru jing sui su	150	2026-10-03		wiktionary-idioms
全不知滋味	quan bu zhi zi wei	150	2026-10-03		wiktionary-idioms
八方受敌	ba fang shou di	150	2026-10-03		wiktionary-idioms
公说公有理婆说婆有理	gong shuo gong you li po shuo po you li	150	2026-10-03		wiktionary-idioms
关公面前耍大刀	guan gong mian qian shua da dao	150	2026-10-03		wiktionary-idioms
兵强将盛	bing qiang jiang sheng	150	2026-10-03		wiktionary-idioms
其身不正虽令不从	qi shen bu zheng sui ling bu cong	150	2026-10-03		wiktionary-idioms
养不教父之过	yang bu jiao fu zhi guo	150	2026-10-03		wiktionary-idioms
养儿一百岁长忧九十九	yang er yi bai sui chang you jiu shi jiu	150	2026-10-03		wiktionary-idioms
养兵千日用在一时	yang bing qian ri yong zai yi shi	150	2026-10-03		wiktionary-idioms
养兵千日用在一朝	yang bing qian ri yong zai yi zhao	150	2026-10-03		wiktionary-idioms
兼听则明偏信则暗	jian ting ze ming pian xin ze an	150	2026-10-03		wiktionary-idioms
兼听则明偏听则蔽	jian ting ze ming pian ting ze bi	150	2026-10-03		wiktionary-idioms
内外姻党	nei wai yin dang	150	2026-10-03		wiktionary-idioms
再回头已百年身	zai hui tou yi bai nian shen	150	2026-10-03		wiktionary-idioms
冤冤相报何时了	yuan yuan xiang bao he shi liao	150	2026-10-03		wiktionary-idioms
冤家宜解不宜结	yuan jia yi jie bu yi jie	150	2026-10-03		wiktionary-idioms
冰炭不同器	bing tan bu tong qi	150	2026-10-03		wiktionary-idioms
冰炭不同炉	bing tan bu tong lu	150	2026-10-03		wiktionary-idioms
凡事预则立不预则废	fan shi yu ze li bu yu ze fei	150	2026-10-03		wiktionary-idioms
凤凰在笯	feng huang zai nu	150	2026-10-03		wiktionary-idioms
出其不意攻其无备	chu qi bu yi gong qi wu bei	150	2026-10-03		wiktionary-idioms
出群拔萃	chu qun ba cui	150	2026-10-03		wiktionary-idioms
凿空之论	zao kong zhi lun	150	2026-10-03		wiktionary-idioms
刀俎余生	dao zu yu sheng	150	2026-10-03		wiktionary-idioms
分久必合合久必分	fen jiu bi he he jiu bi fen	150	2026-10-03		wiktionary-idioms
切切私语	qie qie si yu	150	2026-10-03		wiktionary-idioms
刑不上大夫礼不下庶人	xing bu shang da fu li bu xia shu ren	150	2026-10-03		wiktionary-idioms
刘备借荆州有借无还	liu bei jie jing zhou you jie wu huan	150	2026-10-03		wiktionary-idioms
别抱琵琶	bie bao pi pa	150	2026-10-03		wiktionary-idioms
刮冷风	gua leng feng	150	2026-10-03		wiktionary-idioms
到火神庙求雨找错了门	dao huo shen miao qiu yu zhao cuo le men	150	2026-10-03		wiktionary-idioms
前所未料	qian suo wei liao	150	2026-10-03		wiktionary-idioms
前车覆后车戒	qian che fu hou che jie	150	2026-10-03		wiktionary-idioms
力学不倦	li xue bu juan	150	2026-10-03		wiktionary-idioms
劝和促谈	quan he cu tan	150	2026-10-03		wiktionary-idioms
动人肺腑	dong ren fei fu	150	2026-10-03		wiktionary-idioms
劳力者治于人	lao li zhe zhi yu ren	150	2026-10-03		wiktionary-idioms
劳心者治人	lao xin zhe zhi ren	150	2026-10-03		wiktionary-idioms
势如奔马	shi ru ben ma	150	2026-10-03		wiktionary-idioms
勇气百倍	yong qi bai bei	150	2026-10-03		wiktionary-idioms
勒紧裤头	lei jin ku tou	150	2026-10-03		wiktionary-idioms
勤有功戏无益	qin you gong xi wu yi	150	2026-10-03		wiktionary-idioms
包退包换	bao tui bao huan	150	2026-10-03		wiktionary-idioms
匹夫不可夺志	pi fu bu ke duo zhi	150	2026-10-03		wiktionary-idioms
十个光头九个富	shi ge guang tou jiu ge fu	150	2026-10-03		wiktionary-idioms
十五个吊桶打水	shi wu ge diao tong da shui	150	2026-10-03		wiktionary-idioms
十年河东十年河西	shi nian he dong shi nian he xi	150	2026-10-03		wiktionary-idioms
十月怀胎一朝分娩	shi yue huai tai yi zhao fen mian	150	2026-10-03		wiktionary-idioms
千年王八万年龟	qian nian wang ba wan nian gui	150	2026-10-03		wiktionary-idioms
千金难买少年穷	qian jin nan mai shao nian qiong	150	2026-10-03		wiktionary-idioms
半夜敲门也不惊	ban ye qiao men ye bu jing	150	2026-10-03		wiktionary-idioms
半大小子吃死老子	ban da xiao zi chi si lao zi	150	2026-10-03		wiktionary-idioms
半死不拉活	ban si bu la huo	150	2026-10-03		wiktionary-idioms
半路杀出个程咬金	ban lu sha chu ge cheng yao jin	150	2026-10-03		wiktionary-idioms
华夷一家	hua yi yi jia	150	2026-10-03		wiktionary-idioms
单兵独马	dan bing du ma	150	2026-10-03		wiktionary-idioms
博学强记	bo xue qiang ji	150	2026-10-03		wiktionary-idioms
即以其人之道	ji yi qi ren zhi dao	150	2026-10-03		wiktionary-idioms
压倒骆驼的最后一根草	ya dao luo tuo de zui hou yi gen cao	150	2026-10-03		wiktionary-idioms
厌旧贪新	yan jiu tan xin	150	2026-10-03		wiktionary-idioms
又臭又长	you chou you chang	150	2026-10-03		wiktionary-idioms
取之不尽用之有余	qu zhi bu jin yong zhi you yu	150	2026-10-03		wiktionary-idioms
取之无禁用之不竭	qu zhi wu jin yong zhi bu jie	150	2026-10-03		wiktionary-idioms
受人之托忠人之事	shou ren zhi tuo zhong ren zhi shi	150	2026-10-03		wiktionary-idioms
变位思考	bian wei si kao	150	2026-10-03		wiktionary-idioms
变起萧墙	bian qi xiao qiang	150	2026-10-03		wiktionary-idioms
古今东西	gu jin dong xi	150	2026-10-03		wiktionary-idioms
古今多少事都付笑谈中	gu jin duo shao shi dou fu xiao tan zhong	150	2026-10-03		wiktionary-idioms
只怕广东人说官话	zhi pa guang dong ren shuo guan hua	150	2026-10-03		wiktionary-idioms
只要功夫深铁杵磨成针	zhi yao gong fu shen tie chu mo cheng zhen	150	2026-10-03		wiktionary-idioms
只要目的正当	zhi yao mu di zheng dang	150	2026-10-03		wiktionary-idioms
只许州官放火	zhi xu zhou guan fang huo	150	2026-10-03		wiktionary-idioms
叫天天不应叫地地不灵	jiao tian tian bu ying jiao di di bu ling	150	2026-10-03		wiktionary-idioms
可以不择手段	ke yi bu ze shou duan	150	2026-10-03		wiktionary-idioms
可望而不可及	ke wang er bu ke ji	150	2026-10-03		wiktionary-idioms
可造之材	ke zao zhi cai	150	2026-10-03		wiktionary-idioms
台上一分钟台下十年功	tai shang yi fen zhong tai xia shi nian gong	150	2026-10-03		wiktionary-idioms
叹为听止	tan wei ting zhi	150	2026-10-03		wiktionary-idioms
吃人家的嘴软	chi ren jia de zui ruan	150	2026-10-03		wiktionary-idioms
吃喝拉撒睡	chi he la sa shui	150	2026-10-03		wiktionary-idioms
吃喝玩乐行	chi he wan le xing	150	2026-10-03		wiktionary-idioms
吃得苦中苦方为人上人	chi de ku zhong ku fang wei ren shang ren	150	2026-10-03		wiktionary-idioms
吃熊心豹子胆	chi xiong xin bao zi dan	150	2026-10-03		wiktionary-idioms
吃瓦片	chi wa pian	150	2026-10-03		wiktionary-idioms
各怀一心	ge huai yi xin	150	2026-10-03		wiktionary-idioms
合两为一	he liang wei yi	150	2026-10-03		wiktionary-idioms
同姓三分亲	tong xing san fen qin	150	2026-10-03		wiktionary-idioms
同行如敌国	tong hang ru di guo	150	2026-10-03		wiktionary-idioms
名不正则言不顺	ming bu zheng ze yan bu shun	150	2026-10-03		wiktionary-idioms
后天下之乐而乐	hou tian xia zhi le er le	150	2026-10-03		wiktionary-idioms
后果前因	hou guo qian yin	150	2026-10-03		wiktionary-idioms
君子一言快马一鞭	jun zi yi yan kuai ma yi bian	150	2026-10-03		wiktionary-idioms
君子交绝不出恶声	jun zi jiao jue bu chu e sheng	150	2026-10-03		wiktionary-idioms
君子动口不动手	jun zi dong kou bu dong shou	150	2026-10-03		wiktionary-idioms
君子喻于义小人喻于利	jun zi yu yu yi xiao ren yu yu li	150	2026-10-03		wiktionary-idioms
君子报仇十年不晚	jun zi bao chou shi nian bu wan	150	2026-10-03		wiktionary-idioms
君子爱财取之有道	jun zi ai cai qu zhi you dao	150	2026-10-03		wiktionary-idioms
君子量大	jun zi liang da	150	2026-10-03		wiktionary-idioms
含糊其辞	han hu qi ci	150	2026-10-03		wiktionary-idioms
听了风就是雨	ting le feng jiu shi yu	150	2026-10-03		wiktionary-idioms
听见风就是雨	ting jian feng jiu shi yu	150	2026-10-03		wiktionary-idioms
周瑜打黄盖	zhou yu da huang gai	150	2026-10-03		wiktionary-idioms
命里无时莫强求	ming li wu shi mo qiang qiu	150	2026-10-03		wiktionary-idioms
命里有时终须有	ming li you shi zhong xu you	150	2026-10-03		wiktionary-idioms
咆哮大怒	pao xiao da nu	150	2026-10-03		wiktionary-idioms
和尚动得我动不得	he shang dong de wo dong bu de	150	2026-10-03		wiktionary-idioms
和尚打伞无法无天	he shang da san wu fa wu tian	150	2026-10-03		wiktionary-idioms
和尚摸得我摸不得	he shang mo de wo mo bu de	150	2026-10-03		wiktionary-idioms
和尚训道士管得宽	he shang xun dao shi guan de kuan	150	2026-10-03		wiktionary-idioms
咸菜烧豆腐	xian cai shao dou fu	150	2026-10-03		wiktionary-idioms
哑巴吃黄连	ya ba chi huang lian	150	2026-10-03		wiktionary-idioms
哑巴吃黄连有苦说不出	ya ba chi huang lian you ku shuo bu chu	150	2026-10-03		wiktionary-idioms
哪壶不开提哪壶	na hu bu kai ti na hu	150	2026-10-03		wiktionary-idioms
唱红白脸	chang hong bai lian	150	2026-10-03		wiktionary-idioms
善有善报恶有恶报	shan you shan bao e you e bao	150	2026-10-03		wiktionary-idioms
善者不辩辩者不善	shan zhe bu bian bian zhe bu shan	150	2026-10-03		wiktionary-idioms
嘴上没毛办事不牢	zui shang mei mao ban shi bu lao	150	2026-10-03		wiktionary-idioms
四积阴德五读书	si ji yin de wu du shu	150	2026-10-03		wiktionary-idioms
团结就是力量	tuan jie jiu shi li liang	150	2026-10-03		wiktionary-idioms
国有国法家有家规	guo you guo fa jia you jia gui	150	2026-10-03		wiktionary-idioms
图文不符	tu wen bu fu	150	2026-10-03		wiktionary-idioms
在家千日好出门一时难	zai jia qian ri hao chu men yi shi nan	150	2026-10-03		wiktionary-idioms
在家靠父母出外靠朋友	zai jia kao fu mu chu wai kao peng you	150	2026-10-03		wiktionary-idioms
坟头上耍大刀吓鬼	fen tou shang shua da dao xia gui	150	2026-10-03		wiktionary-idioms
堂堂之阵	tang tang zhi zhen	150	2026-10-03		wiktionary-idioms
外国的月亮比较圆	wai guo de yue liang bi jiao yuan	150	2026-10-03		wiktionary-idioms
外甥打灯笼照旧	wai sheng da deng long zhao jiu	150	2026-10-03		wiktionary-idioms
外面的人想进来	wai mian de ren xiang jin lai	150	2026-10-03		wiktionary-idioms
多个朋友多条路	duo ge peng you duo tiao lu	150	2026-10-03		wiktionary-idioms
多做多错	duo zuo duo cuo	150	2026-10-03		wiktionary-idioms
够喝一壶的	gou he yi hu de	150	2026-10-03		wiktionary-idioms
大事化小小事化无	da shi hua xiao xiao shi hua wu	150	2026-10-03		wiktionary-idioms
大人不计小人过	da ren bu ji xiao ren guo	150	2026-10-03		wiktionary-idioms
大人有大量	da ren you da liang	150	2026-10-03		wiktionary-idioms
大唤大叫	da huan da jiao	150	2026-10-03		wiktionary-idioms
大旱望云霓	da han wang yun ni	150	2026-10-03		wiktionary-idioms
大模厮样	da mu si yang	150	2026-10-03		wiktionary-idioms
大逆无道	da ni wu dao	150	2026-10-03		wiktionary-idioms
大难临头各自飞	dan an lin tou ge zi fei	150	2026-10-03		wiktionary-idioms
大鱼吃小鱼	da yu chi xiao yu	150	2026-10-03		wiktionary-idioms
大鱼吃小鱼小鱼吃虾米	da yu chi xiao yu xiao yu chi xia mi	150	2026-10-03		wiktionary-idioms
天上掉馅饼	tian shang diao xian bing	150	2026-10-03		wiktionary-idioms
天下之通丧也	tian xia zhi tong sang ye	150	2026-10-03		wiktionary-idioms
天下无不散的筵席	tian xia wu bu san de yan xi	150	2026-10-03		wiktionary-idioms
天下无难事只怕有心人	tian xia wu nan shi zhi pa you xin ren	150	2026-10-03		wiktionary-idioms
天下本无事庸人自扰之	tian xia ben wu shi yong ren zi rao zhi	150	2026-10-03		wiktionary-idioms
天下没有不散的宴席	tian xia mei you bu san de yan xi	150	2026-10-03		wiktionary-idioms
天下父母心	tian xia fu mu xin	150	2026-10-03		wiktionary-idioms
天助自助	tian zhu zi zhu	150	2026-10-03		wiktionary-idioms
天外飞来一笔	tian wai fei lai yi bi	150	2026-10-03		wiktionary-idioms
天机不可泄漏	tian ji bu ke xie lou	150	2026-10-03		wiktionary-idioms
天灵灵地灵灵	tian ling ling di ling ling	150	2026-10-03		wiktionary-idioms
天雨粟马生角	tian yu su ma sheng jiao	150	2026-10-03		wiktionary-idioms
太阳从西边出来	tai yang cong xi bian chu lai	150	2026-10-03		wiktionary-idioms
太阳光大	tai yang guang da	150	2026-10-03		wiktionary-idioms
夫三年之丧	fu san nian zhi sang	150	2026-10-03		wiktionary-idioms
夫妻本是同林鸟	fu qi ben shi tong lin niao	150	2026-10-03		wiktionary-idioms
失声大笑	shi sheng da xiao	150	2026-10-03		wiktionary-idioms
失败乃成功之母	shi bai nai cheng gong zhi mu	150	2026-10-03		wiktionary-idioms
失败者成功之母	shi bai zhe cheng gong zhi mu	150	2026-10-03		wiktionary-idioms
头痛额热	tou tong er e	150	2026-10-03		wiktionary-idioms
女人心海底针	nv ren xin hai di zhen	150	2026-10-03		wiktionary-idioms
女大三抱金砖	nv da san bao jin zhuan	150	2026-10-03		wiktionary-idioms
好事不出门坏事传千里	hao shi bu chu men huai shi chuan qian li	150	2026-10-03		wiktionary-idioms
好利忘义	hao li wang yi	150	2026-10-03		wiktionary-idioms
好奇害死猫	hao qi hai si mao	150	2026-10-03		wiktionary-idioms
好好学习天天向上	hao hao xue xi tian tian xiang shang	150	2026-10-03		wiktionary-idioms
好心没好报	hao xin mei hao bao	150	2026-10-03		wiktionary-idioms
好景不常	hao jing bu chang	150	2026-10-03		wiktionary-idioms
好死不如赖活着	hao si bu ru lai huo zhe	150	2026-10-03		wiktionary-idioms
好汉不提当年勇	hao han bu ti dang nian yong	150	2026-10-03		wiktionary-idioms
好花插在牛粪上	hao hua cha zai niu fen shang	150	2026-10-03		wiktionary-idioms
好酒沉瓮底	hao jiu chen weng di	150	2026-10-03		wiktionary-idioms
如今不信口甜人	ru jin bu xin kou tian ren	150	2026-10-03		wiktionary-idioms
如雷灌耳	ru lei guan er	150	2026-10-03		wiktionary-idioms
妆嫫费黛	zhuang mo fei dai	150	2026-10-03		wiktionary-idioms
姜太公封神漏了自己	jiang tai gong feng shen lou liao zi ji	150	2026-10-03		wiktionary-idioms
姜太公钓鱼愿者上钩	jiang tai gong diao yu yuan zhe shang gou	150	2026-10-03		wiktionary-idioms
姜桂老辣	jiang gui lao la	150	2026-10-03		wiktionary-idioms
娶妻娶德	qu qi qu de	150	2026-10-03		wiktionary-idioms
媳妇熬成婆	xi fu ao cheng po	150	2026-10-03		wiktionary-idioms
嫁出去的女儿	jia chu qu de nv er	150	2026-10-03		wiktionary-idioms
孔夫子搬家净是书	kong fu zi ban jia jing shi shu	150	2026-10-03		wiktionary-idioms
孙悟空大闹天宫慌了神	sun wu kong da nao tian gong huang le shen	150	2026-10-03		wiktionary-idioms
孤力难为	gu li nan wei	150	2026-10-03		wiktionary-idioms
学如逆水行舟不进则退	xue ru ni shui xing zhou bu jin ze tui	150	2026-10-03		wiktionary-idioms
学海无涯勤是岸	xue hai wu ya qin shi an	150	2026-10-03		wiktionary-idioms
学海无涯唯勤是岸	xue hai wu ya wei qin shi an	150	2026-10-03		wiktionary-idioms
学海无涯苦作舟	xue hai wu ya ku zuo zhou	150	2026-10-03		wiktionary-idioms
宁为鸡口无为牛后	ning wei ji kou wu wei niu hou	150	2026-10-03		wiktionary-idioms
宁为鸡头不做凤尾	ning wei ji tou bu zuo feng wei	150	2026-10-03		wiktionary-idioms
宁卖祖宗田不卖祖宗言	ning mai zu zong tian bu mai zu zong yan	150	2026-10-03		wiktionary-idioms
宁卖祖宗田不忘祖宗言	ning mai zu zong tian bu wang zu zong yan	150	2026-10-03		wiktionary-idioms
宁可玉碎不能瓦全	ning ke yu sui bu neng wa quan	150	2026-10-03		wiktionary-idioms
宁在人前全不会	ning zai ren qian quan bu hui	150	2026-10-03		wiktionary-idioms
宁枉勿纵	ning wang wu zong	150	2026-10-03		wiktionary-idioms
宁纵勿枉	ning zong wu wang	150	2026-10-03		wiktionary-idioms
宁鸣而死不默而生	ning ming er si bu mo er sheng	150	2026-10-03		wiktionary-idioms
安民恤众	an min xu zhong	150	2026-10-03		wiktionary-idioms
安良除暴	an liang chu bao	150	2026-10-03		wiktionary-idioms
安营下寨	an ying xia zhai	150	2026-10-03		wiktionary-idioms
官字两个口	guan zi liang ge kou	150	2026-10-03		wiktionary-idioms
宰相肚里好撑船	zai xiang du li hao cheng chuan	150	2026-10-03		wiktionary-idioms
宰相肚里能撑船	zai xiang du li neng cheng chuan	150	2026-10-03		wiktionary-idioms
害人之心不可有	hai ren zhi xin bu ke you	150	2026-10-03		wiktionary-idioms
家和万事兴	jia he wan shi xing	150	2026-10-03		wiktionary-idioms
富贵险中求	fu gui xian zhong qiu	150	2026-10-03		wiktionary-idioms
察颜观色	cha yan guan se	150	2026-10-03		wiktionary-idioms
寸利必得	cun li bi de	150	2026-10-03		wiktionary-idioms
寸金难买寸光阴	cun jin nan mai cun guang yin	150	2026-10-03		wiktionary-idioms
寻人寻物	xun ren xun wu	150	2026-10-03		wiktionary-idioms
寻新求变	xun xin qiu bian	150	2026-10-03		wiktionary-idioms
寻芳问柳	xun fang wen liu	150	2026-10-03		wiktionary-idioms
射人先射马擒贼先擒王	she ren xian she ma qin zei xian qin wang	150	2026-10-03		wiktionary-idioms
将心比己	jiang xin bi ji	150	2026-10-03		wiktionary-idioms
小人气大	xiao ren qi da	150	2026-10-03		wiktionary-idioms
小别胜新婚	xiao bie sheng xin hun	150	2026-10-03		wiktionary-idioms
小和尚念经有口无心	xiao he shang nian jing you kou wu xin	150	2026-10-03		wiktionary-idioms
小时偷针大时偷金	xiao shi tou zhen da shi tou jin	150	2026-10-03		wiktionary-idioms
小财不出大财不入	xiao cai bu chu da cai bu ru	150	2026-10-03		wiktionary-idioms
少做少错	shao zuo shao cuo	150	2026-10-03		wiktionary-idioms
少年易老学难成	shao nian yi lao xue nan cheng	150	2026-10-03		wiktionary-idioms
尘封网罥	chen feng wang juan	150	2026-10-03		wiktionary-idioms
尺有所短寸有所长	chi you suo duan cun you suo chang	150	2026-10-03		wiktionary-idioms
层层设防	ceng ceng she fang	150	2026-10-03		wiktionary-idioms
居中斡旋	ju zhong wo xuan	150	2026-10-03		wiktionary-idioms
居间调停	ju jian tiao ting	150	2026-10-03		wiktionary-idioms
屈己待人	qu ji dai ren	150	2026-10-03		wiktionary-idioms
屋上建瓴	wu shang jian ling	150	2026-10-03		wiktionary-idioms
屋漏偏逢连夜雨	wu lou pian feng lian ye yu	150	2026-10-03		wiktionary-idioms
屋漏偏逢连阴雨	wu lou pian feng lian yin yu	150	2026-10-03		wiktionary-idioms
属耗子的撂爪就忘	shu hao zi de liao zhua jiu wang	150	2026-10-03		wiktionary-idioms
屡禁难止	lv jin nan zhi	150	2026-10-03		wiktionary-idioms
屡禁难绝	lv jin nan jue	150	2026-10-03		wiktionary-idioms
山不转路转	shan bu zhuan lu zhuan	150	2026-10-03		wiktionary-idioms
山中无老虎猴子称大王	shan zhong wu lao hu hou zi cheng da wang	150	2026-10-03		wiktionary-idioms
岁月不饶人	sui yue bu rao ren	150	2026-10-03		wiktionary-idioms
工欲善其事必先利其器	gong yu shan qi shi bi xian li qi qi	150	2026-10-03		wiktionary-idioms
巧言令色鲜矣仁	qiao yan ling se xian yi ren	150	2026-10-03		wiktionary-idioms
巧言如流	qiao yan ru liu	150	2026-10-03		wiktionary-idioms
差若毫厘谬以千里	cha ruo hao li miu yi qian li	150	2026-10-03		wiktionary-idioms
己立立人己达达人	ji li li ren ji da da ren	150	2026-10-03		wiktionary-idioms
巴头探脑	ba tou tan nao	150	2026-10-03		wiktionary-idioms
布袋里老鸦	bu dai li lao ya	150	2026-10-03		wiktionary-idioms
布裙荆钗	bu qun jing chai	150	2026-10-03		wiktionary-idioms
干净俐落	gan jing li luo	150	2026-10-03		wiktionary-idioms
平安就是福	ping an jiu shi fu	150	2026-10-03		wiktionary-idioms
平心易气	ping xin yi qi	150	2026-10-03		wiktionary-idioms
平时不烧香临时抱佛脚	ping shi bu shao xiang lin shi bao fo jiao	150	2026-10-03		wiktionary-idioms
平生不做亏心事	ping sheng bu zuo kui xin shi	150	2026-10-03		wiktionary-idioms
床上施床	chuang shang shi chuang	150	2026-10-03		wiktionary-idioms
床下安床	chuang xia an chuang	150	2026-10-03		wiktionary-idioms
床头吵架床尾和	chuang tou chao jia chuang wei he	150	2026-10-03		wiktionary-idioms
庙小妖风大池浅王八多	miao xiao yao feng da chi qian wang ba duo	150	2026-10-03		wiktionary-idioms
废时失事	fei shi shi shi	150	2026-10-03		wiktionary-idioms
开空白支票	kai kong bai zhi piao	150	2026-10-03		wiktionary-idioms
引虎入羊群	yin hu ru yang qun	150	2026-10-03		wiktionary-idioms
强宾不压主	qiang bin bu ya zhu	150	2026-10-03		wiktionary-idioms
当家作主	dang jia zuo zhu	150	2026-10-03		wiktionary-idioms
彪腹狼腰	biao fu lang yao	150	2026-10-03		wiktionary-idioms
彼一时此一时	bi yi shi ci yi shi	150	2026-10-03		wiktionary-idioms
往者不可及来者犹可待	wang zhe bu ke ji lai zhe you ke dai	150	2026-10-03		wiktionary-idioms
往自己脸上贴金	wang zi ji lian shang tie jin	150	2026-10-03		wiktionary-idioms
径行直遂	jing xing zhi sui	150	2026-10-03		wiktionary-idioms
得意门徒	de yi men tu	150	2026-10-03		wiktionary-idioms
得来全不费工夫	de lai quan bu fei gong fu	150	2026-10-03		wiktionary-idioms
得饶人处且饶人	de rao ren chu qie rao ren	150	2026-10-03		wiktionary-idioms
德不孤必有邻	de bu gu bi you lin	150	2026-10-03		wiktionary-idioms
忍一时风平浪静	ren yi shi feng ping lang jing	150	2026-10-03		wiktionary-idioms
忙忙匆匆	mang mang cong cong	150	2026-10-03		wiktionary-idioms
怒目咬牙	nu mu yao ya	150	2026-10-03		wiktionary-idioms
恐惧不安	kong ju bu an	150	2026-10-03		wiktionary-idioms
恨不相逢未嫁时	hen bu xiang feng wei jia shi	150	2026-10-03		wiktionary-idioms
悒郁寡欢	yi yu gua huan	150	2026-10-03		wiktionary-idioms
患难见真情	huan nan jian zhen qing	150	2026-10-03		wiktionary-idioms
悬羊头卖狗肉	xuan yang tou mai gou rou	150	2026-10-03		wiktionary-idioms
悲恸欲绝	bei tong yu jue	150	2026-10-03		wiktionary-idioms
悲欢岁月	bei huan sui yue	150	2026-10-03		wiktionary-idioms
惩一戒百	cheng yi jie bai	150	2026-10-03		wiktionary-idioms
惩羹吹齑	cheng geng chui ji	150	2026-10-03		wiktionary-idioms
惹事生非	re shi sheng fei	150	2026-10-03		wiktionary-idioms
感人肺肝	gan ren fei gan	150	2026-10-03		wiktionary-idioms
慢工出细活	man gong chu xi huo	150	2026-10-03		wiktionary-idioms
慢工出细货	man gong chu xi huo	150	2026-10-03		wiktionary-idioms
懒驴上磨屎尿多	lan lv shang mo shi niao duo	150	2026-10-03		wiktionary-idioms
成则为王败则为寇	cheng ze wei wang bai ze wei kou	150	2026-10-03		wiktionary-idioms
成本大套	cheng ben da tao	150	2026-10-03		wiktionary-idioms
成者为王败者为寇	cheng zhe wei wang bai zhe wei kou	150	2026-10-03		wiktionary-idioms
成行成市	cheng hang cheng shi	150	2026-10-03		wiktionary-idioms
房间里的大象	fang jian li de da xiang	150	2026-10-03		wiktionary-idioms
手心手背都是肉	shou xin shou bei dou shi rou	150	2026-10-03		wiktionary-idioms
手民之误	shou min zhi wu	150	2026-10-03		wiktionary-idioms
才调秀出	cai diao xiu chu	150	2026-10-03		wiktionary-idioms
打不还手骂不还口	da bu huan shou ma bu huan kou	150	2026-10-03		wiktionary-idioms
打勤献趣	da qin xian qu	150	2026-10-03		wiktionary-idioms
打拱作揖	da gong zuo yi	150	2026-10-03		wiktionary-idioms
打是疼骂是爱	da shi teng ma shi ai	150	2026-10-03		wiktionary-idioms
打者爱也	da zhe ai ye	150	2026-10-03		wiktionary-idioms
打铁先得本身硬	da tie xian dei ben shen ying	150	2026-10-03		wiktionary-idioms
打鸭子上架	da ya zi shang jia	150	2026-10-03		wiktionary-idioms
扞格不通	hang e bu tong	150	2026-10-03		wiktionary-idioms
扪隙发罅	men xi fa xia	150	2026-10-03		wiktionary-idioms
扬汤止沸不如去薪	yang tang zhi fei bu ru qu xin	150	2026-10-03		wiktionary-idioms
扯弓搭箭	che gong da jian	150	2026-10-03		wiktionary-idioms
扼喉抚背	e hou fu bei	150	2026-10-03		wiktionary-idioms
抖搜精神	dou sou jing shen	150	2026-10-03		wiktionary-idioms
抚棺痛哭	fu guan tong ku	150	2026-10-03		wiktionary-idioms
抚髀兴叹	fu bi xing tan	150	2026-10-03		wiktionary-idioms
抬头不见低头见	tai tou bu jian di tou jian	150	2026-10-03		wiktionary-idioms
担惊受恐	dan jing shou kong	150	2026-10-03		wiktionary-idioms
招风招雨	zhao feng zhao yu	150	2026-10-03		wiktionary-idioms
拜倒石榴裙下	bai dao shi liu qun xia	150	2026-10-03		wiktionary-idioms
拼生尽死	pan sheng jin si	150	2026-10-03		wiktionary-idioms
拽得跟二五八万一样	zhuai de gen er wu ba wan yi yang	150	2026-10-03		wiktionary-idioms
拿人家的手软	na ren jia de shou ruan	150	2026-10-03		wiktionary-idioms
拿鸡毛当令箭	na ji mao dang ling jian	150	2026-10-03		wiktionary-idioms
挈瓶小智	qie ping xiao zhi	150	2026-10-03		wiktionary-idioms
按倒葫芦瓢起来	an dao hu lu piao qi lai	150	2026-10-03		wiktionary-idioms
按在地上摩擦	an zai di shang mo ca	150	2026-10-03		wiktionary-idioms
挟泰山以超北海	xie tai shan yi chao bei hai	150	2026-10-03		wiktionary-idioms
挨玉似玉	ai yu si yu	150	2026-10-03		wiktionary-idioms
挨著木匠学拉锯	ai zhe mu jiang xue la ju	150	2026-10-03		wiktionary-idioms
挨金似金	ai jin si jin	150	2026-10-03		wiktionary-idioms
捡了芝麻丢了西瓜	jian le zhi ma diu le xi gua	150	2026-10-03		wiktionary-idioms
捡回命	jian hui ming	150	2026-10-03		wiktionary-idioms
接续香烟	jie xu xiang yan	150	2026-10-03		wiktionary-idioms
掩目而捕燕雀	yan mu er bu yan que	150	2026-10-03		wiktionary-idioms
握手言合	wo shou yan he	150	2026-10-03		wiktionary-idioms
搬石头砸自己的脚	ban shi tou za zi ji de jiao	150	2026-10-03		wiktionary-idioms
摆事实讲道理	bai shi shi jiang dao li	150	2026-10-03		wiktionary-idioms
摸着石头过河	mo zhe shi tou guo he	150	2026-10-03		wiktionary-idioms
摸老虎屁股	mo lao hu pi gu	150	2026-10-03		wiktionary-idioms
攻其无备出其不意	gong qi wu bei chu qi bu yi	150	2026-10-03		wiktionary-idioms
敌人的敌人就是朋友	di ren di di ren jiu shi peng you	150	2026-10-03		wiktionary-idioms
救人一命胜造七级浮屠	jiu ren yi ming sheng zao qi ji fu tu	150	2026-10-03		wiktionary-idioms
救人如救火	jiu ren ru jiu huo	150	2026-10-03		wiktionary-idioms
敦品励学	dun pin li xue	150	2026-10-03		wiktionary-idioms
敬酒不吃吃罚酒	jing jiu bu chi chi fa jiu	150	2026-10-03		wiktionary-idioms
斩草不除根春风吹又生	zhan cao bu chu gen chun feng chui you sheng	150	2026-10-03		wiktionary-idioms
断纸余墨	duan zhi yu mo	150	2026-10-03		wiktionary-idioms
断袖余桃	duan xiu yu tao	150	2026-10-03		wiktionary-idioms
新官上任三把火	xin guan shang ren san ba huo	150	2026-10-03		wiktionary-idioms
新瓶旧酒	xin ping jiu jiu	150	2026-10-03		wiktionary-idioms
新瓶装旧酒	xin ping zhuang jiu jiu	150	2026-10-03		wiktionary-idioms
无事献殷勤非奸即盗	wu shi xian yin qin fei jian ji dao	150	2026-10-03		wiktionary-idioms
无何有之乡	wu he you zhi xiang	150	2026-10-03		wiktionary-idioms
无倚无靠	wu yi wu kao	150	2026-10-03		wiktionary-idioms
无往不在	wu wang bu zai	150	2026-10-03		wiktionary-idioms
无心插柳柳成荫	wu xin cha liu liu cheng yin	150	2026-10-03		wiktionary-idioms
无念无想	wu nian wu xiang	150	2026-10-03		wiktionary-idioms
无日无之	wu ri wu zhi	150	2026-10-03		wiktionary-idioms
无根之木无源之水	wu gen zhi mu wu yuan zhi shui	150	2026-10-03		wiktionary-idioms
无毒不丈夫	wu du bu zhang fu	150	2026-10-03		wiktionary-idioms
无理寸步难行	wu li cun bu nan xing	150	2026-10-03		wiktionary-idioms
无知妄说	wu zhi wang shuo	150	2026-10-03		wiktionary-idioms
无虑无忧	wu lv wu you	150	2026-10-03		wiktionary-idioms
无足重轻	wu zu zhong qing	150	2026-10-03		wiktionary-idioms
无面目见江东父老	wu mian mu jian jiang dong fu lao	150	2026-10-03		wiktionary-idioms
无颜见江东父老	wu yan jian jiang dong fu lao	150	2026-10-03		wiktionary-idioms
既有今日何必当初	ji you jin ri he bi dang chu	150	2026-10-03		wiktionary-idioms
日头打西出来	ri tou da xi chu lai	150	2026-10-03		wiktionary-idioms
日有所思夜有所梦	ri you suo si ye you suo meng	150	2026-10-03		wiktionary-idioms
旦旦信誓	dan dan xin shi	150	2026-10-03		wiktionary-idioms
早知今日悔不当初	zao zhi jin ri hui bu dang chu	150	2026-10-03		wiktionary-idioms
时势所迫	shi shi suo po	150	2026-10-03		wiktionary-idioms
时间能治愈一切创伤	shi jian neng zhi yu yi qie chuang shang	150	2026-10-03		wiktionary-idioms
旺丁不旺财	wang ding bu wang cai	150	2026-10-03		wiktionary-idioms
明修栈道暗渡陈仓	ming xiu zhan dao an du chen cang	150	2026-10-03		wiktionary-idioms
明知山有虎偏向虎山行	ming zhi shan you hu pian xiang hu shan xing	150	2026-10-03		wiktionary-idioms
是金子总会发光的	shi jin zi zong hui fa guang de	150	2026-10-03		wiktionary-idioms
是骡子是马拉出来遛遛	shi luo zi shi ma la chu lai liu liu	150	2026-10-03		wiktionary-idioms
普天之下莫非王土	pu tian zhi xia mo fei wang tu	150	2026-10-03		wiktionary-idioms
智者千虑必有一失	zhi zhe qian lv bi you yi shi	150	2026-10-03		wiktionary-idioms
暗暗自责	an an zi ze	150	2026-10-03		wiktionary-idioms
曾着卖糖君子哄	ceng zhao mai tang jun zi hong	150	2026-10-03		wiktionary-idioms
有一顿没一顿	you yi dun mei yi dun	150	2026-10-03		wiktionary-idioms
有仇不报非君子	you chou bu bao fei jun zi	150	2026-10-03		wiktionary-idioms
有何面目	you he mian mu	150	2026-10-03		wiktionary-idioms
有其母必有其子	you qi mu bi you qi zi	150	2026-10-03		wiktionary-idioms
有好果子吃	you hao guo zi chi	150	2026-10-03		wiktionary-idioms
有年无日	you nian wu ri	150	2026-10-03		wiktionary-idioms
有年无月	you nian wu yue	150	2026-10-03		wiktionary-idioms
有心栽花花不开	you xin zai hua hua bu kai	150	2026-10-03		wiktionary-idioms
有理走遍天下	you li zou bian tian xia	150	2026-10-03		wiktionary-idioms
有目无珠	you mu wu zhu	150	2026-10-03		wiktionary-idioms
有福同享有祸同当	you fu tong xiang you huo tong dang	150	2026-10-03		wiktionary-idioms
有麝自然香	you she zi ran xiang	150	2026-10-03		wiktionary-idioms
朝饔夕飧	zhao yong xi sun	150	2026-10-03		wiktionary-idioms
木无表情	mu wu biao qing	150	2026-10-03		wiktionary-idioms
木门对木门竹门对竹门	mu men dui mu men zhu men dui zhu men	150	2026-10-03		wiktionary-idioms
未知生焉知死	wei zhi sheng yan zhi si	150	2026-10-03		wiktionary-idioms
未蒙其利先受其害	wei meng qi li xian shou qi hai	150	2026-10-03		wiktionary-idioms
本是同根生相煎何太急	ben shi tong gen sheng xiang jian he tai ji	150	2026-10-03		wiktionary-idioms
本自同根生相煎何太急	ben zi tong gen sheng xiang jian he tai ji	150	2026-10-03		wiktionary-idioms
朱门酒肉臭路有冻死骨	zhu men jiu rou chou lu you dong si gu	150	2026-10-03		wiktionary-idioms
朽木粪墙	xiu mu fen qiang	150	2026-10-03		wiktionary-idioms
杀人偿命欠债还钱	sha ren chang ming qian zhai huan qian	150	2026-10-03		wiktionary-idioms
杀敌一千自损八百	sha di yi qian zi sun ba bai	150	2026-10-03		wiktionary-idioms
李下瓜田	li xia gua tian	150	2026-10-03		wiktionary-idioms
条条大路通罗马	tiao tiao da lu tong luo ma	150	2026-10-03		wiktionary-idioms
来无影去无踪	lai wu ying qu wu zong	150	2026-10-03		wiktionary-idioms
来说是非者便是是非人	lai shuo shi fei zhe bian shi shi fei ren	150	2026-10-03		wiktionary-idioms
杯水风波	bei shui feng bo	150	2026-10-03		wiktionary-idioms
板板六十四	ban ban liu shi si	150	2026-10-03		wiktionary-idioms
林子大了什么鸟都有	lin zi da le shen me niao dou you	150	2026-10-03		wiktionary-idioms
枪打出头鸟	qiang da chu tou niao	150	2026-10-03		wiktionary-idioms
柴米油盐酱醋茶	chai mi you yan jiang cu cha	150	2026-10-03		wiktionary-idioms
树倒猢狲散	shu dao hu sun san	150	2026-10-03		wiktionary-idioms
树功立业	shu gong li ye	150	2026-10-03		wiktionary-idioms
树大惹风	shu da re feng	150	2026-10-03		wiktionary-idioms
树大有枯枝	shu da you ku zhi	150	2026-10-03		wiktionary-idioms
桂林山水甲天下	gui lin shan shui jia tian xia	150	2026-10-03		wiktionary-idioms
桃园三结义	tao yuan san jie yi	150	2026-10-03		wiktionary-idioms
桑间之音	sang jian zhi yin	150	2026-10-03		wiktionary-idioms
棋错一着满盘皆输	qi cuo yi zhao man pan jie shu	150	2026-10-03		wiktionary-idioms
棍棒之下出孝子	gun bang zhi xia chu xiao zi	150	2026-10-03		wiktionary-idioms
棍棒底下出孝子	gun bang di xia chu xiao zi	150	2026-10-03		wiktionary-idioms
棒下出孝子	bang xia chu xiao zi	150	2026-10-03		wiktionary-idioms
横插一杠子	heng cha yi gang zi	150	2026-10-03		wiktionary-idioms
横行直撞	heng xing zhi zhuang	150	2026-10-03		wiktionary-idioms
欢喜若狂	huan xi ruo kuang	150	2026-10-03		wiktionary-idioms
欧母画荻	ou mu hua di	150	2026-10-03		wiktionary-idioms
武则天守寡失去理智	wu ze tian shou gua shi qu li zhi	150	2026-10-03		wiktionary-idioms
死有重于泰山轻于鸿毛	si you zhong yu tai shan qing yu hong mao	150	2026-10-03		wiktionary-idioms
死诸葛走生仲达	si zhu ge zou sheng zhong da	150	2026-10-03		wiktionary-idioms
死马当作活马医	si ma dang zuo huo ma yi	150	2026-10-03		wiktionary-idioms
毁人不倦	hui ren bu juan	150	2026-10-03		wiktionary-idioms
每日一苹果医生远离我	mei ri yi ping guo yi sheng yuan li wo	150	2026-10-03		wiktionary-idioms
毫无疑义	hao wu yi yi	150	2026-10-03		wiktionary-idioms
求神问佛	qiu shen wen fo	150	2026-10-03		wiktionary-idioms
池中无鱼虾自大	chi zhong wu yu xia zi da	150	2026-10-03		wiktionary-idioms
沃兹基硕德	wo zi ji shuo de	150	2026-10-03		wiktionary-idioms
沙盘推演	sha pan tui yan	150	2026-10-03		wiktionary-idioms
没安好心	mei an hao xin	150	2026-10-03		wiktionary-idioms
没有金刚钻别揽瓷器活	mei you jing ang zuan bie lan ci qi huo	150	2026-10-03		wiktionary-idioms
没没无闻	mo mo wu wen	150	2026-10-03		wiktionary-idioms
河东狮子	he dong shi zi	150	2026-10-03		wiktionary-idioms
河水不洗船	he shui bu xi chuan	150	2026-10-03		wiktionary-idioms
泥菩萨过江自身难保	ni pu sa guo jiang zi shen nan bao	150	2026-10-03		wiktionary-idioms
泼出去的水	po chu qu de shui	150	2026-10-03		wiktionary-idioms
浊酒粗食	zhuo jiu cu shi	150	2026-10-03		wiktionary-idioms
海内一统	hai nei yi tong	150	2026-10-03		wiktionary-idioms
海内存知己天涯若比邻	hai nei cun zhi ji tian ya ruo bi lin	150	2026-10-03		wiktionary-idioms
海底摸针	hai di mo zhen	150	2026-10-03		wiktionary-idioms
添福添寿	tian fu tian shou	150	2026-10-03		wiktionary-idioms
清光滑辣	qing guang hua la	150	2026-10-03		wiktionary-idioms
渔夫之利	yu fu zhi li	150	2026-10-03		wiktionary-idioms
渔翁撒网	yu weng sa wang	150	2026-10-03		wiktionary-idioms
温言在口大棒在手	wen yan zai kou da bang zai shou	150	2026-10-03		wiktionary-idioms
湖广熟天下足	hu guang shu tian xia zu	150	2026-10-03		wiktionary-idioms
满招损谦受益	man zhao sun qian shou yi	150	2026-10-03		wiktionary-idioms
满拼自尽	man pan zi jin	150	2026-10-03		wiktionary-idioms
满身疮痍	man shen chuang yi	150	2026-10-03		wiktionary-idioms
澧兰沅芷	li lan yuan zhi	150	2026-10-03		wiktionary-idioms
火燎眉毛	huo liao mei mao	150	2026-10-03		wiktionary-idioms
灯台不照自己	deng tai bu zhao zi ji	150	2026-10-03		wiktionary-idioms
灯台不自照	deng tai bu zi zhao	150	2026-10-03		wiktionary-idioms
炙凤烹龙	zhi feng peng long	150	2026-10-03		wiktionary-idioms
烹龙煮凤	peng long zhu feng	150	2026-10-03		wiktionary-idioms
燃膏继晷	rang ao ji gui	150	2026-10-03		wiktionary-idioms
燕雀安知鸿鹄志	yan que an zhi hong hu zhi	150	2026-10-03		wiktionary-idioms
爱之欲其生恶之欲其死	ai zhi yu qi sheng wu zhi yu qi si	150	2026-10-03		wiktionary-idioms
爱之深责之切	ai zhi shen ze zhi qie	150	2026-10-03		wiktionary-idioms
爱兵如子用兵如山	ai bing ru zi yong bing ru shan	150	2026-10-03		wiktionary-idioms
父母恩大	fu mu en da	150	2026-10-03		wiktionary-idioms
牛皮灯笼	niu pi deng long	150	2026-10-03		wiktionary-idioms
牡丹花下死做鬼也风流	mu dan hua xia si zuo gui ye feng liu	150	2026-10-03		wiktionary-idioms
犯天下之大不韪	fan tian xia zhi da bu wei	150	2026-10-03		wiktionary-idioms
狂风骇浪	kuang feng hai lang	150	2026-10-03		wiktionary-idioms
狗拿耗子多管闲事	gou na hao zi duo guan xian shi	150	2026-10-03		wiktionary-idioms
独此一家别无分店	du ci yi jia bie wu fen dian	150	2026-10-03		wiktionary-idioms
独燕不成夏	du yan bu cheng xia	150	2026-10-03		wiktionary-idioms
狼嗥鬼叫	lang hao gui jiao	150	2026-10-03		wiktionary-idioms
猪八戒吃人参果	zhu ba jie chi ren shen guo	150	2026-10-03		wiktionary-idioms
猪八戒照镜子	zhu ba jie zhao jing zi	150	2026-10-03		wiktionary-idioms
猪八戒穿红袍不伦不类	zhu ba jie chuan hong pao bu lun bu lei	150	2026-10-03		wiktionary-idioms
猫哭老鼠假慈悲	mao ku lao shu jia ci bei	150	2026-10-03		wiktionary-idioms
猫哭耗子假慈悲	mao ku hao zi jia ci bei	150	2026-10-03		wiktionary-idioms
珊瑚在网	shan hu zai wang	150	2026-10-03		wiktionary-idioms
瓜田不纳履李下不整冠	gua tian bu na lv li xia bu zheng guan	150	2026-10-03		wiktionary-idioms
甘死如饴	gan si ru yi	150	2026-10-03		wiktionary-idioms
生死搏斗	sheng si bo dou	150	2026-10-03		wiktionary-idioms
生气蓬勃	sheng qi peng bo	150	2026-10-03		wiktionary-idioms
生逢其地	sheng feng qi di	150	2026-10-03		wiktionary-idioms
用在刀刃上	yong zai dao ren shang	150	2026-10-03		wiktionary-idioms
由俭入奢易由奢入俭难	you jian ru she yi you she ru jian nan	150	2026-10-03		wiktionary-idioms
甲乙丙丁	jia yi bing ding	150	2026-10-03		wiktionary-idioms
画虎不成反类狗	hua hu bu cheng fan lei gou	150	2026-10-03		wiktionary-idioms
画黛弯蛾	hua dai wan e	150	2026-10-03		wiktionary-idioms
畅通易达	chang tong yi da	150	2026-10-03		wiktionary-idioms
留得青山在不怕没柴烧	liu de qing shan zai bu pa mei chai shao	150	2026-10-03		wiktionary-idioms
略无忌惮	lve wu ji dan	150	2026-10-03		wiktionary-idioms
略无禁惮	lve wu jin dan	150	2026-10-03		wiktionary-idioms
疮痍满目	chuang yi man mu	150	2026-10-03		wiktionary-idioms
病从口入祸从口出	bing cong kou ru huo cong kou chu	150	2026-10-03		wiktionary-idioms
病向浅中医	bing xiang qian zhong yi	150	2026-10-03		wiktionary-idioms
病来如山倒病去如抽丝	bing lai ru shan dao bing qu ru chou si	150	2026-10-03		wiktionary-idioms
病榻缠绵	bing ta chan mian	150	2026-10-03		wiktionary-idioms
白兔赤乌	bai tu chi wu	150	2026-10-03		wiktionary-idioms
白刀子进去红刀子出来	bai dao zi jin qu hong dao zi chu lai	150	2026-10-03		wiktionary-idioms
白字连篇	bai zi lian pian	150	2026-10-03		wiktionary-idioms
白昼见鬼	bai zhou jian gui	150	2026-10-03		wiktionary-idioms
百足之虫断而不蹶	bai zu zhi chong duan er bu jue	150	2026-10-03		wiktionary-idioms
百足之虫至断不蹶	bai zu zhi chong zhi duan bu jue	150	2026-10-03		wiktionary-idioms
百足之虫至死不僵	bai zu zhi chong zhi si bu jiang	150	2026-10-03		wiktionary-idioms
百问不厌百拿不烦	bai wen bu yan bai na bu fan	150	2026-10-03		wiktionary-idioms
百龙之智	bai long zhi zhi	150	2026-10-03		wiktionary-idioms
皇帝不急急死太监	huang di bu ji ji si tai jian	150	2026-10-03		wiktionary-idioms
皇帝的女儿不愁嫁	huang di de nv er bu chou jia	150	2026-10-03		wiktionary-idioms
盛者必衰	sheng zhe bi shuai	150	2026-10-03		wiktionary-idioms
直斥其非	zhi chi qi fei	150	2026-10-03		wiktionary-idioms
相见好同住难	xiang jian hao tong zhu nan	150	2026-10-03		wiktionary-idioms
眉头一皱计上心来	mei tou yi zhou ji shang xin lai	150	2026-10-03		wiktionary-idioms
眉头一纵计上心来	mei tou yi zong ji shang xin lai	150	2026-10-03		wiktionary-idioms
看天吃饭	kan tian chi fan	150	2026-10-03		wiktionary-idioms
眼睛长在头顶上	yan jing zhang zai tou ding shang	150	2026-10-03		wiktionary-idioms
眼观四处耳听八方	yan guan si chu er ting ba fang	150	2026-10-03		wiktionary-idioms
眼观四面耳听八方	yan guan si mian er ting ba fang	150	2026-10-03		wiktionary-idioms
睁眼说瞎话	zheng yan shuo xia hua	150	2026-10-03		wiktionary-idioms
睽违已久	kui wei yi jiu	150	2026-10-03		wiktionary-idioms
瞎猫碰到死老鼠	xia mao peng dao si lao shu	150	2026-10-03		wiktionary-idioms
瞎猫逮死耗子	xia mao da si hao zi	150	2026-10-03		wiktionary-idioms
知之为知之不知为不知	zhi zhi wei zhi zhi bu zhi wei bu zhi	150	2026-10-03		wiktionary-idioms
知人者智自知者明	zhi ren zhe zhi zi zhi zhe ming	150	2026-10-03		wiktionary-idioms
知其一不知其二	zhi qi yi bu zhi qi er	150	2026-10-03		wiktionary-idioms
知其不可为而为之	zhi qi bu ke wei er wei zhi	150	2026-10-03		wiktionary-idioms
知其不可而为	zhi qi bu ke er wei	150	2026-10-03		wiktionary-idioms
知其然而不知其所以然	zhi qi ran er bu zhi qi suo yi ran	150	2026-10-03		wiktionary-idioms
知己知彼百战不殆	zhi ji zhi bi bai zhan bu dai	150	2026-10-03		wiktionary-idioms
知己知彼百战百胜	zhi ji zhi bi bai zhan bai sheng	150	2026-10-03		wiktionary-idioms
知彼知己百战不殆	zhi bi zhi ji bai zhan bu dai	150	2026-10-03		wiktionary-idioms
知规犯规	zhi gui fan gui	150	2026-10-03		wiktionary-idioms
矮子矮一肚子拐	ai zi ai yi du zi guai	150	2026-10-03		wiktionary-idioms
矮子骑大马上下两难	ai zi qi da ma shang xia liang nan	150	2026-10-03		wiktionary-idioms
矮檐之下出头难	ai yan zhi xia chu tou nan	150	2026-10-03		wiktionary-idioms
砍掉重练	kan diao chong lian	150	2026-10-03		wiktionary-idioms
碧眼童颜	bi yan tong yan	150	2026-10-03		wiktionary-idioms
磨破嘴皮子	mo po zui pi zi	150	2026-10-03		wiktionary-idioms
礼之用和为贵	li zhi yong he wei gui	150	2026-10-03		wiktionary-idioms
神仙打架小鬼遭殃	shen xian da jia xiao gui zao yang	150	2026-10-03		wiktionary-idioms
神魂飘荡	shen hun piao dang	150	2026-10-03		wiktionary-idioms
神龙失势	shen long shi shi	150	2026-10-03		wiktionary-idioms
祸在目前	huo zai mu qian	150	2026-10-03		wiktionary-idioms
福不重至祸必重来	fu bu chong zhi huo bi chong lai	150	2026-10-03		wiktionary-idioms
福大命大造化大	fu da ming da zao hua da	150	2026-10-03		wiktionary-idioms
福如东海寿比南山	fu ru dong hai shou bin an shan	150	2026-10-03		wiktionary-idioms
福无双至祸不单行	fu wu shuang zhi huo bu dan xing	150	2026-10-03		wiktionary-idioms
离题万丈	li ti wan zhang	150	2026-10-03		wiktionary-idioms
秀才不出门全知天下事	xiu cai bu chu men quan zhi tian xia shi	150	2026-10-03		wiktionary-idioms
秀才不出门能知天下事	xiu cai bu chu men neng zhi tian xia shi	150	2026-10-03		wiktionary-idioms
秀才造反三年不成	xiu cai zao fan san nian bu cheng	150	2026-10-03		wiktionary-idioms
秀才遇到兵有理说不清	xiu cai yu dao bing you li shuo bu qing	150	2026-10-03		wiktionary-idioms
秋后的蚂蚱	qiu hou di ma zha	150	2026-10-03		wiktionary-idioms
秋波送情	qiu bo song qing	150	2026-10-03		wiktionary-idioms
穷鼠啮猫	qiong shu nie mao	150	2026-10-03		wiktionary-idioms
空口讲白话	kong kou jiang bai hua	150	2026-10-03		wiktionary-idioms
空口说空话	kong kou shuo kong hua	150	2026-10-03		wiktionary-idioms
竹篮打水一场空	zhu lan da shui yi chang kong	150	2026-10-03		wiktionary-idioms
竹门对竹门木门对木门	zhu men dui zhu men mu men dui mu men	150	2026-10-03		wiktionary-idioms
竹马之友	zhu ma zhi you	150	2026-10-03		wiktionary-idioms
籍籍无名	ji ji wu ming	150	2026-10-03		wiktionary-idioms
粉装玉琢	fen zhuang yu zhuo	150	2026-10-03		wiktionary-idioms
糖衣毒药	tang yi du yao	150	2026-10-03		wiktionary-idioms
红光紫雾	hong guang zi wu	150	2026-10-03		wiktionary-idioms
红白大事	hong bai da shi	150	2026-10-03		wiktionary-idioms
经宿不归	jing su bu gui	150	2026-10-03		wiktionary-idioms
绝色天香	jue se tian xiang	150	2026-10-03		wiktionary-idioms
继晷焚膏	ji gui feng ao	150	2026-10-03		wiktionary-idioms
维民所止	wei min suo zhi	150	2026-10-03		wiktionary-idioms
美其名	mei qi ming	150	2026-10-03		wiktionary-idioms
翻脸不认人	fan lian bu ren ren	150	2026-10-03		wiktionary-idioms
老大吃惊	lao da chi jing	150	2026-10-03		wiktionary-idioms
老太婆的裹脚布	lao tai po de guo jiao bu	150	2026-10-03		wiktionary-idioms
老少男女	lao shao nan nv	150	2026-10-03		wiktionary-idioms
老牛吃嫩草	lao niu chi nen cao	150	2026-10-03		wiktionary-idioms
老王卖瓜自卖自夸	lao wang mai gua zi mai zi kua	150	2026-10-03		wiktionary-idioms
老而不死是为贼	lao er bu si shi wei zei	150	2026-10-03		wiktionary-idioms
老鼠的儿子会打洞	lao shu de er zi hui da dong	150	2026-10-03		wiktionary-idioms
肉中刺眼中钉	rou zhong ci yan zhong ding	150	2026-10-03		wiktionary-idioms
肚里说不出来的苦	du li shuo bu chu lai de ku	150	2026-10-03		wiktionary-idioms
肩不能挑手不能提	jian bu neng tiao shou bu neng ti	150	2026-10-03		wiktionary-idioms
肩不能挑担手不能提篮	jian bu neng tiao dan shou bu neng ti lan	150	2026-10-03		wiktionary-idioms
胜者王侯败者寇	sheng zhe wang hou bai zhe kou	150	2026-10-03		wiktionary-idioms
胜者王侯败者贼	sheng zhe wang hou bai zhe zei	150	2026-10-03		wiktionary-idioms
胡言汉语	hu yan han yu	150	2026-10-03		wiktionary-idioms
胳膊肘向外拐	ge bo zhou xiang wai guai	150	2026-10-03		wiktionary-idioms
胳膊肘往外拐	ge bo zhou wang wai guai	150	2026-10-03		wiktionary-idioms
胳膊肘朝外拐	ge bo zhou chao wai guai	150	2026-10-03		wiktionary-idioms
能牙利爪	neng ya li zhao	150	2026-10-03		wiktionary-idioms
脱裤子放屁	tuo ku zi fang pi	150	2026-10-03		wiktionary-idioms
脸红脖子粗	lian hong bo zi cu	150	2026-10-03		wiktionary-idioms
自作孽不可活	zi zuo nie bu ke huo	150	2026-10-03		wiktionary-idioms
自动自觉	zi dong zi jiao	150	2026-10-03		wiktionary-idioms
自助者天助之	zi zhu zhe tian zhu zhi	150	2026-10-03		wiktionary-idioms
自古皆有死人无信不立	zi gu jie you si ren wu xin bu li	150	2026-10-03		wiktionary-idioms
自古皆有死民无信不立	zi gu jie you si min wu xin bu li	150	2026-10-03		wiktionary-idioms
自古红颜多薄命	zi gu hong yan duo bo ming	150	2026-10-03		wiktionary-idioms
自扫门前雪	zi sao men qian xue	150	2026-10-03		wiktionary-idioms
舍不得孩子套不住狼	she bu de hai zi tao bu zhu lang	150	2026-10-03		wiktionary-idioms
色字头上一把刀	se zi tou shang yi ba dao	150	2026-10-03		wiktionary-idioms
色香味俱全	se xiang wei ju quan	150	2026-10-03		wiktionary-idioms
花钱找罪受	hua qian zhao zui shou	150	2026-10-03		wiktionary-idioms
苍蝇附骥尾而致千里	cang ying fu ji wei er zhi qian li	150	2026-10-03		wiktionary-idioms
若要人不知除非己莫为	ruo yao ren bu zhi chu fei ji mo wei	150	2026-10-03		wiktionary-idioms
英年早婚	ying nian zao hun	150	2026-10-03		wiktionary-idioms
英雄难过美人关	ying xiong nan guo mei ren guan	150	2026-10-03		wiktionary-idioms
药石无灵	yao shi wu ling	150	2026-10-03		wiktionary-idioms
莫在人前会不全	mo zai ren qian hui bu quan	150	2026-10-03		wiktionary-idioms
菽水之养	shu shui zhi yang	150	2026-10-03		wiktionary-idioms
萝卜白菜各有所爱	luo bo bai cai ge you suo ai	150	2026-10-03		wiktionary-idioms
落水的凤凰不如鸡	luo shui de feng huang bu ru ji	150	2026-10-03		wiktionary-idioms
葬身之地	zang shen zhi di	150	2026-10-03		wiktionary-idioms
蓬生麻中不扶而直	peng sheng ma zhong bu fu er zhi	150	2026-10-03		wiktionary-idioms
虎体狼腰	hu ti lang yao	150	2026-10-03		wiktionary-idioms
虎体猿臂	hu ti yuan bi	150	2026-10-03		wiktionary-idioms
虎无爪鸟无翼	hu wu zhua niao wu yi	150	2026-10-03		wiktionary-idioms
虎死留皮人死留名	hu si liu pi ren si liu ming	150	2026-10-03		wiktionary-idioms
虎落平阳被犬欺	hu luo ping yang bei quan qi	150	2026-10-03		wiktionary-idioms
蚤朝晏罢	zao chao yan ba	150	2026-10-03		wiktionary-idioms
蚤朝晏退	zao chao yan tui	150	2026-10-03		wiktionary-idioms
蛮针瞎灸	man zhen xia jiu	150	2026-10-03		wiktionary-idioms
蜀中无大将廖化作先锋	shu zhong wu da jiang liao hua zuo xian feng	150	2026-10-03		wiktionary-idioms
蜜饯砒霜	mi jian pi shuang	150	2026-10-03		wiktionary-idioms
蝇附骥尾而致千里	ying fu ji wei er zhi qian li	150	2026-10-03		wiktionary-idioms
螃蟹心态	pang xie xin tai	150	2026-10-03		wiktionary-idioms
螃蟹心理	pang xie xin li	150	2026-10-03		wiktionary-idioms
螃蟹精神	pang xie jing shen	150	2026-10-03		wiktionary-idioms
螃蟹过河七手八脚	pang xie guo he qi shou ba jiao	150	2026-10-03		wiktionary-idioms
行不改名坐不改姓	xing bu gai ming zuo bu gai xing	150	2026-10-03		wiktionary-idioms
行坐不安	xing zuo bu an	150	2026-10-03		wiktionary-idioms
行权立断	xing quan li duan	150	2026-10-03		wiktionary-idioms
衣冠枭獍	yi guan xiao jing	150	2026-10-03		wiktionary-idioms
被卖了还帮忙数钱	bei mai le huan bang mang shu qian	150	2026-10-03		wiktionary-idioms
装睡的人叫不醒	zhuang shui de ren jiao bu xing	150	2026-10-03		wiktionary-idioms
襄王有意神女无心	xiang wang you yi shen nv wu xin	150	2026-10-03		wiktionary-idioms
要想富先修路	yao xiang fu xian xiu lu	150	2026-10-03		wiktionary-idioms
要钱不要命	yao qian bu yao ming	150	2026-10-03		wiktionary-idioms
要风得风要雨得雨	yao feng de feng yao yu de yu	150	2026-10-03		wiktionary-idioms
覆巢之下安有完卵	fu chao zhi xia an you wan luan	150	2026-10-03		wiktionary-idioms
覆巢之下岂有完卵	fu chao zhi xia qi you wan luan	150	2026-10-03		wiktionary-idioms
覆巢之下焉有完卵	fu chao zhi xia yan you wan luan	150	2026-10-03		wiktionary-idioms
覆酒瓮	fu jiu weng	150	2026-10-03		wiktionary-idioms
覆酱瓿	fu jiang bu	150	2026-10-03		wiktionary-idioms
见者易学者难	jian zhe yi xue zhe nan	150	2026-10-03		wiktionary-idioms
见面三分情	jian mian san fen qing	150	2026-10-03		wiktionary-idioms
观棋不语真君子	guan qi bu yu zhen jun zi	150	2026-10-03		wiktionary-idioms
视若敝屣	shi ruo bi xi	150	2026-10-03		wiktionary-idioms
觥筹交举	gong chou jiao ju	150	2026-10-03		wiktionary-idioms
言者无心听者有意	yan zhe wu xin ting zhe you yi	150	2026-10-03		wiktionary-idioms
言者无罪闻者足戒	yan zhe wu zui wen zhe zu jie	150	2026-10-03		wiktionary-idioms
言行信果	yan xing xin guo	150	2026-10-03		wiktionary-idioms
誓不两立	shi bu liang li	150	2026-10-03		wiktionary-idioms
计划赶不上变化	ji hua gan bu shang bian hua	150	2026-10-03		wiktionary-idioms
话不投机半句多	hua bu tou ji ban ju duo	150	2026-10-03		wiktionary-idioms
说一套做一套	shuo yi tao zuo yi tao	150	2026-10-03		wiktionary-idioms
说不清道不明	shuo bu qing dao bu ming	150	2026-10-03		wiktionary-idioms
说溜嘴	shuo liu zui	150	2026-10-03		wiktionary-idioms
说的比唱的还好听	shuo de bi chang de hai hao ting	150	2026-10-03		wiktionary-idioms
请神容易送神难	qing shen rong yi song shen nan	150	2026-10-03		wiktionary-idioms
读万卷书行万里路	du wan juan shu xing wan li lu	150	2026-10-03		wiktionary-idioms
谁敢留人到五更	shei gan liu ren dao wu geng	150	2026-10-03		wiktionary-idioms
谋事在人成事在天	mou shi zai ren cheng shi zai tian	150	2026-10-03		wiktionary-idioms
谋臣武将	mou chen wu jiang	150	2026-10-03		wiktionary-idioms
豆腐盘成肉价钱	dou fu pan cheng rou jia qian	150	2026-10-03		wiktionary-idioms
豹头猿臂	bao tou yuan bi	150	2026-10-03		wiktionary-idioms
败子回头	bai zi hui tou	150	2026-10-03		wiktionary-idioms
货比三家不吃亏	huo bi san jia bu chi kui	150	2026-10-03		wiktionary-idioms
贪如饕餮	tan ru tao tie	150	2026-10-03		wiktionary-idioms
赌身立誓	du shen li shi	150	2026-10-03		wiktionary-idioms
赤朱丹彤	chi zhu dan tong	150	2026-10-03		wiktionary-idioms
走一步算一步	zou yi bu suan yi bu	150	2026-10-03		wiktionary-idioms
起手无回大丈夫	qi shou wu hui da zhang fu	150	2026-10-03		wiktionary-idioms
超尘出俗	chao chen chu su	150	2026-10-03		wiktionary-idioms
路遥知马力事久见人心	lu yao zhi ma li shi jiu jian ren xin	150	2026-10-03		wiktionary-idioms
路遥知马力日久见人心	lu yao zhi ma li ri jiu jian ren xin	150	2026-10-03		wiktionary-idioms
跳进黄河洗不清	tiao jin huang he xi bu qing	150	2026-10-03		wiktionary-idioms
踏上征途	ta shang zheng tu	150	2026-10-03		wiktionary-idioms
踏破铁鞋无觅处	ta po tie xie wu mi chu	150	2026-10-03		wiktionary-idioms
蹦跶不了几天	beng da bu liao ji tian	150	2026-10-03		wiktionary-idioms
躲过初一躲不过十五	duo guo chu yi duo bu guo shi wu	150	2026-10-03		wiktionary-idioms
车同轨书同文	che tong gui shu tong wen	150	2026-10-03		wiktionary-idioms
车马骈溢	che ma pian yi	150	2026-10-03		wiktionary-idioms
边都沾不上	bian dou zhan bu shang	150	2026-10-03		wiktionary-idioms
过街老鼠人人喊打	guo jie lao shu ren ren han da	150	2026-10-03		wiktionary-idioms
还治其人之身	huan zhi qi ren zhi shen	150	2026-10-03		wiktionary-idioms
还给老师	huan gei lao shi	150	2026-10-03		wiktionary-idioms
进酒作乐	jin jiu zuo le	150	2026-10-03		wiktionary-idioms
远近驰名	yuan jin chi ming	150	2026-10-03		wiktionary-idioms
连生贵子	lian sheng gui zi	150	2026-10-03		wiktionary-idioms
退一步海阔天空	tui yi bu hai kuo tian kong	150	2026-10-03		wiktionary-idioms
送君千里终须一别	song jun qian li zhong xu yi bie	150	2026-10-03		wiktionary-idioms
避坑落井	bi keng luo jing	150	2026-10-03		wiktionary-idioms
邀买人心	yao mai ren xin	150	2026-10-03		wiktionary-idioms
那壶不开提那壶	na hu bu kai ti na hu	150	2026-10-03		wiktionary-idioms
邪不敌正	xie bu di zheng	150	2026-10-03		wiktionary-idioms
酒后吐真言	jiu hou tu zhen yan	150	2026-10-03		wiktionary-idioms
酒肉穿肠过佛祖心中留	jiu rou chuan chang guo fo zu xin zhong liu	150	2026-10-03		wiktionary-idioms
酒过数巡	jiu guo shu xun	150	2026-10-03		wiktionary-idioms
酒逢知己千杯少	jiu feng zhi ji qian bei shao	150	2026-10-03		wiktionary-idioms
酸甜苦辣咸	suan tian ku la xian	150	2026-10-03		wiktionary-idioms
里外不是人	li wai bu shi ren	150	2026-10-03		wiktionary-idioms
里面的人想出去	li mian de ren xiang chu qu	150	2026-10-03		wiktionary-idioms
重于泰山轻于鸿毛	zhong yu tai shan qing yu hong mao	150	2026-10-03		wiktionary-idioms
金刚努目	jing ang nu mu	150	2026-10-03		wiktionary-idioms
金无足赤人无完人	jin wu zu chi ren wu wan ren	150	2026-10-03		wiktionary-idioms
金窝银窝	jin wo yin wo	150	2026-10-03		wiktionary-idioms
钱不是万能	qian bu shi wan neng	150	2026-10-03		wiktionary-idioms
银河落九天	yin he luo jiu tian	150	2026-10-03		wiktionary-idioms
铺霜涌雪	pu shuang yong xue	150	2026-10-03		wiktionary-idioms
错把冯京当马凉	cuo ba feng jing dang ma liang	150	2026-10-03		wiktionary-idioms
锦片前程	jin pian qian cheng	150	2026-10-03		wiktionary-idioms
长他人志气灭自己威风	zhang ta ren zhi qi mie zi ji wei feng	150	2026-10-03		wiktionary-idioms
闭关锁港	bi guan suo gang	150	2026-10-03		wiktionary-idioms
阎王叫你三更死	yan wang jiao ni sang eng si	150	2026-10-03		wiktionary-idioms
阎罗王贴告示鬼话连篇	yan luo wang tie gao shi gui hua lian pian	150	2026-10-03		wiktionary-idioms
防人之心不可无	fang ren zhi xin bu ke wu	150	2026-10-03		wiktionary-idioms
阿喀琉斯之踵	a ka liu si zhi zhong	150	2026-10-03		wiktionary-idioms
阿婆不嫁女哪得孙儿抱	a po bu jia nv na de sun er bao	150	2026-10-03		wiktionary-idioms
难若登天	nan ruo deng tian	150	2026-10-03		wiktionary-idioms
雄辩是银沉默是金	xiong bian shi yin chen mo shi jin	150	2026-10-03		wiktionary-idioms
雍容大方	yong rong da fang	150	2026-10-03		wiktionary-idioms
零碎不全	ling sui bu quan	150	2026-10-03		wiktionary-idioms
需要是发明之母	xu yao shi fa ming zhi mu	150	2026-10-03		wiktionary-idioms
霸王敬酒不干也得干	ba wang jing jiu bu gan ye de gan	150	2026-10-03		wiktionary-idioms
青出于蓝而青于蓝	qing chu yu lan er qing yu lan	150	2026-10-03		wiktionary-idioms
非异人任	fei yi ren ren	150	2026-10-03		wiktionary-idioms
鞭辟进里	bian pi jin li	150	2026-10-03		wiktionary-idioms
顺我者生逆我者死	shun wo zhe sheng ni wo zhe si	150	2026-10-03		wiktionary-idioms
顾不得许多	gu bu de xu duo	150	2026-10-03		wiktionary-idioms
预防重于治疗	yu fang zhong yu zhi liao	150	2026-10-03		wiktionary-idioms
颓墙坏壁	tui qiang huai bi	150	2026-10-03		wiktionary-idioms
风水轮流转	feng shui lun liu zhuan	150	2026-10-03		wiktionary-idioms
风雨如晦鸡鸣不已	feng yu ru hui ji ming bu yi	150	2026-10-03		wiktionary-idioms
飞腾之兆	fei teng zhi zhao	150	2026-10-03		wiktionary-idioms
飞走如风	fei zou ru feng	150	2026-10-03		wiktionary-idioms
食不言寝不语	shi bu yan qin bu yu	150	2026-10-03		wiktionary-idioms
饭后百步走活到九十九	fan hou bai bu zou huo dao jiu shi jiu	150	2026-10-03		wiktionary-idioms
饱食终日无所用心	bao shi zhong ri wu suo yong xin	150	2026-10-03		wiktionary-idioms
饿死事小失节事大	e si shi xiao shi jie shi da	150	2026-10-03		wiktionary-idioms
饿死的骆驼比马大	e si de luo tuo bi ma da	150	2026-10-03		wiktionary-idioms
马不及鞍	ma bu ji an	150	2026-10-03		wiktionary-idioms
马屁拍在马腿上	ma pi pai zai ma tui shang	150	2026-10-03		wiktionary-idioms
马照跑舞照跳	ma zhao pao wu zhao tiao	150	2026-10-03		wiktionary-idioms
马耳东风	ma er dong feng	150	2026-10-03		wiktionary-idioms
马路如虎口	ma lu ru hu kou	150	2026-10-03		wiktionary-idioms
骗得了一时骗不了一世	pian de liao yi shi pian bu liao yi shi	150	2026-10-03		wiktionary-idioms
高不凑低不就	gao bu cou di bu jiu	150	2026-10-03		wiktionary-idioms
高不辏低不就	gao bu cou di bu jiu	150	2026-10-03		wiktionary-idioms
高垒深堑	gao lei shen qian	150	2026-10-03		wiktionary-idioms
高垒深壁	gao lei shen bi	150	2026-10-03		wiktionary-idioms
高射炮打蚊子	gao she pao da wen zi	150	2026-10-03		wiktionary-idioms
高楼万丈平地起	gao lou wan zhang ping di qi	150	2026-10-03		wiktionary-idioms
鱼与熊掌不可兼得	yu yu xiong zhang bu ke jian de	150	2026-10-03		wiktionary-idioms
鲁般手里调大斧	lu ban shou li diao da fu	150	2026-10-03		wiktionary-idioms
鸡蛋里挑骨头	ji dan li tiao gu tou	150	2026-10-03		wiktionary-idioms
鸢肩豺目	yuan jian chai mu	150	2026-10-03		wiktionary-idioms
鸾交凤友	luan jiao feng you	150	2026-10-03		wiktionary-idioms
鸿篇巨帙	hong pian ju zhi	150	2026-10-03		wiktionary-idioms
鹤鸣于九皋声闻于天	he ming yu jiu gao sheng wen yu tian	150	2026-10-03		wiktionary-idioms
鹬蚌相争渔人得利	yu bang xiang zheng yu ren de li	150	2026-10-03		wiktionary-idioms
麦秀黍油	mai xiu shu you	150	2026-10-03		wiktionary-idioms
黄河百害唯富一套	huang he bai hai wei fu yi tao	150	2026-10-03		wiktionary-idioms
黄鼠狼给鸡拜年	huang shu lang gei ji bai nian	150	2026-10-03		wiktionary-idioms
鼎力玉成	ding li yu cheng	150	2026-10-03		wiktionary-idioms
鼻子不是鼻子脸不是脸	bi zi bu shi bi zi lian bu shi lian	150	2026-10-03		wiktionary-idioms
鼻子气歪了	bi zi qi wai le	150	2026-10-03		wiktionary-idioms
龙兴之地	long xing zhi di	150	2026-10-03		wiktionary-idioms
龙阳之好	long yang zhi hao	150	2026-10-03		wiktionary-idioms
