# source: thuocl-it; see sources.json and SOURCES.md
构造方法	gou zao fang fa	273	2026-10-02		thuocl-it
时间复杂度	shi jian fu za du	270	2026-10-02		thuocl-it
正则表达式	zheng ze biao da shi	264	2026-10-02		thuocl-it
创建对象	chuang jian dui xiang	262	2026-10-02		thuocl-it
布局文件	bu ju wen jian	262	2026-10-02		thuocl-it
方法调用	fang fa diao yong	261	2026-10-02		thuocl-it
可执行文件	ke zhi xing wen jian	259	2026-10-02		thuocl-it
调用方法	diao yong fang fa	258	2026-10-02		thuocl-it
参数类型	can shu lei xing	253	2026-10-02		thuocl-it
基本数据类型	ji ben shu ju lei xing	253	2026-10-02		thuocl-it
资源文件	zi yuan wen jian	253	2026-10-02		thuocl-it
静态变量	jing tai bian liang	252	2026-10-02		thuocl-it
重新编译	chong xin bian yi	249	2026-10-02		thuocl-it
数组元素	shu zu yuan su	246	2026-10-02		thuocl-it
插入数据	cha ru shu ju	244	2026-10-02		thuocl-it
传递参数	chuan di can shu	243	2026-10-02		thuocl-it
二进制文件	er jin zhi wen jian	242	2026-10-02		thuocl-it
读取文件	du qu wen jian	242	2026-10-02		thuocl-it
删除操作	shan chu cao zuo	241	2026-10-02		thuocl-it
地址空间	di zhi kong jian	240	2026-10-02		thuocl-it
函数定义	han shu ding yi	239	2026-10-02		thuocl-it
字符数组	zi fu shu zu	238	2026-10-02		thuocl-it
数据库操作	shu ju ku cao zuo	238	2026-10-02		thuocl-it
创建数据库	chuang jian shu ju ku	237	2026-10-02		thuocl-it
创建文件	chuang jian wen jian	237	2026-10-02		thuocl-it
对象类型	dui xiang lei xing	237	2026-10-02		thuocl-it
网络请求	wang luo qing qiu	237	2026-10-02		thuocl-it
保存数据	bao cun shu ju	236	2026-10-02		thuocl-it
内存区域	nei cun qu yu	236	2026-10-02		thuocl-it
字符串转换	zi fu chuan zhuan huan	236	2026-10-02		thuocl-it
执行顺序	zhi xing shun xu	236	2026-10-02		thuocl-it
文件描述符	wen jian miao shu fu	236	2026-10-02		thuocl-it
查询语句	cha xun yu ju	236	2026-10-02		thuocl-it
版本信息	ban ben xin xi	236	2026-10-02		thuocl-it
字符串长度	zi fu chuan chang du	235	2026-10-02		thuocl-it
对象引用	dui xiang yin yong	235	2026-10-02		thuocl-it
代码片段	dai ma pian duan	234	2026-10-02		thuocl-it
函数实现	han shu shi xian	234	2026-10-02		thuocl-it
回调方法	hui diao fang fa	234	2026-10-02		thuocl-it
实际开发	shi ji kai fa	234	2026-10-02		thuocl-it
对象创建	dui xiang chuang jian	233	2026-10-02		thuocl-it
共享内存	gong xiang nei cun	232	2026-10-02		thuocl-it
文件拷贝	wen jian kao bei	232	2026-10-02		thuocl-it
释放资源	shi fang zi yuan	232	2026-10-02		thuocl-it
数据访问	shu ju fang wen	231	2026-10-02		thuocl-it
文件复制	wen jian fu zhi	231	2026-10-02		thuocl-it
传递数据	chuan di shu ju	230	2026-10-02		thuocl-it
应用服务器	ying yong fu wu qi	230	2026-10-02		thuocl-it
空间复杂度	kong jian fu za du	230	2026-10-02		thuocl-it
删除元素	shan chu yuan su	229	2026-10-02		thuocl-it
指针变量	zhi zhen bian liang	229	2026-10-02		thuocl-it
数据操作	shu ju cao zuo	229	2026-10-02		thuocl-it
源码下载	yuan ma xia zai	229	2026-10-02		thuocl-it
请求参数	qing qiu can shu	229	2026-10-02		thuocl-it
代理服务器	dai li fu wu qi	228	2026-10-02		thuocl-it
启动服务	qi dong fu wu	228	2026-10-02		thuocl-it
存储方式	cun chu fang shi	228	2026-10-02		thuocl-it
数组长度	shu zu chang du	228	2026-10-02		thuocl-it
系统环境	xi tong huan jing	228	2026-10-02		thuocl-it
编译错误	bian yi cuo wu	228	2026-10-02		thuocl-it
动态分配	dong tai fen pei	227	2026-10-02		thuocl-it
字节数组	zi jie shu zu	227	2026-10-02		thuocl-it
守护进程	shou hu jin cheng	227	2026-10-02		thuocl-it
添加数据	tian jia shu ju	227	2026-10-02		thuocl-it
编译过程	bian yi guo cheng	227	2026-10-02		thuocl-it
递归调用	di gui diao yong	227	2026-10-02		thuocl-it
动态加载	dong tai jia zai	226	2026-10-02		thuocl-it
可执行程序	ke zhi xing cheng xu	226	2026-10-02		thuocl-it
命令行参数	ming ling hang can shu	225	2026-10-02		thuocl-it
字符串数组	zi fu chuan shu zu	225	2026-10-02		thuocl-it
数据库服务器	shu ju ku fu wu qi	225	2026-10-02		thuocl-it
方法参数	fang fa can shu	225	2026-10-02		thuocl-it
更新数据	geng xin shu ju	225	2026-10-02		thuocl-it
消息发送	xiao xi fa song	225	2026-10-02		thuocl-it
消息处理	xiao xi chu li	225	2026-10-02		thuocl-it
请求数据	qing qiu shu ju	225	2026-10-02		thuocl-it
配置环境变量	pei zhi huan jing bian liang	225	2026-10-02		thuocl-it
两个指针	liang ge zhi zhen	224	2026-10-02		thuocl-it
修改时间	xiu gai shi jian	224	2026-10-02		thuocl-it
接口实现	jie kou shi xian	224	2026-10-02		thuocl-it
系统变量	xi tong bian liang	224	2026-10-02		thuocl-it
静态成员	jing tai cheng yuan	224	2026-10-02		thuocl-it
关系型数据库	guan xi xing shu ju ku	223	2026-10-02		thuocl-it
关系数据库	guan xi shu ju ku	223	2026-10-02		thuocl-it
初始化方法	chu shi hua fang fa	223	2026-10-02		thuocl-it
加载图片	jia zai tu pian	223	2026-10-02		thuocl-it
动态生成	dong tai sheng cheng	223	2026-10-02		thuocl-it
常用命令	chang yong ming ling	223	2026-10-02		thuocl-it
本地缓存	ben di huan cun	223	2026-10-02		thuocl-it
图片资源	tu pian zi yuan	222	2026-10-02		thuocl-it
强制类型转换	qiang zhi lei xing zhuan huan	222	2026-10-02		thuocl-it
文件列表	wen jian lie biao	222	2026-10-02		thuocl-it
进程间通信	jin cheng jian tong xin	222	2026-10-02		thuocl-it
远程服务器	yuan cheng fu wu qi	222	2026-10-02		thuocl-it
不区分大小写	bu qu fen da xiao xie	221	2026-10-02		thuocl-it
代理方法	dai li fang fa	221	2026-10-02		thuocl-it
加载数据	jia zai shu ju	221	2026-10-02		thuocl-it
存储结构	cun chu jie gou	221	2026-10-02		thuocl-it
客户端程序	ke hu duan cheng xu	221	2026-10-02		thuocl-it
调试程序	tiao shi cheng xu	221	2026-10-02		thuocl-it
分布式系统	fen bu shi xi tong	220	2026-10-02		thuocl-it
映射文件	ying she wen jian	220	2026-10-02		thuocl-it
消息传递	xiao xi chuan di	220	2026-10-02		thuocl-it
计算机系统	ji suan ji xi tong	220	2026-10-02		thuocl-it
反射机制	fan she ji zhi	219	2026-10-02		thuocl-it
安装配置	an zhuang pei zhi	219	2026-10-02		thuocl-it
对象模型	dui xiang mo xing	219	2026-10-02		thuocl-it
工厂方法	gong chang fang fa	219	2026-10-02		thuocl-it
数据库查询	shu ju ku cha xun	219	2026-10-02		thuocl-it
窗口大小	chuang kou da xiao	219	2026-10-02		thuocl-it
系统管理员	xi tong guan li yuan	219	2026-10-02		thuocl-it
编译安装	bian yi an zhuang	219	2026-10-02		thuocl-it
编译环境	bian yi huan jing	219	2026-10-02		thuocl-it
创建用户	chuang jian yong hu	218	2026-10-02		thuocl-it
变量类型	bian liang lei xing	218	2026-10-02		thuocl-it
工厂模式	gong chang mo shi	218	2026-10-02		thuocl-it
数据传递	shu ju chuan di	218	2026-10-02		thuocl-it
数据库系统	shu ju ku xi tong	218	2026-10-02		thuocl-it
条件判断	tiao jian pan duan	218	2026-10-02		thuocl-it
浏览器缓存	liu lan qi huan cun	218	2026-10-02		thuocl-it
用户权限	yong hu quan xian	218	2026-10-02		thuocl-it
等待状态	deng dai zhuang tai	218	2026-10-02		thuocl-it
自动加载	zi dong jia zai	218	2026-10-02		thuocl-it
命令行工具	ming ling hang gong ju	217	2026-10-02		thuocl-it
文件读取	wen jian du qu	217	2026-10-02		thuocl-it
类型变量	lei xing bian liang	217	2026-10-02		thuocl-it
动态创建	dong tai chuang jian	216	2026-10-02		thuocl-it
存储位置	cun chu wei zhi	216	2026-10-02		thuocl-it
延迟加载	yan chi jia zai	216	2026-10-02		thuocl-it
提交数据	ti jiao shu ju	216	2026-10-02		thuocl-it
缓存机制	huan cun ji zhi	216	2026-10-02		thuocl-it
获取图片	huo qu tu pian	216	2026-10-02		thuocl-it
观察者模式	guan cha zhe mo shi	216	2026-10-02		thuocl-it
计算机科学	ji suan ji ke xue	216	2026-10-02		thuocl-it
三次握手	san ci wo shou	215	2026-10-02		thuocl-it
中文字符	zhong wen zi fu	215	2026-10-02		thuocl-it
双向链表	shuang xiang lian biao	215	2026-10-02		thuocl-it
工程文件	gong cheng wen jian	215	2026-10-02		thuocl-it
引用变量	yin yong bian liang	215	2026-10-02		thuocl-it
显示文件	xian shi wen jian	215	2026-10-02		thuocl-it
本地方法	ben di fang fa	215	2026-10-02		thuocl-it
移动互联网	yi dong hu lian wang	215	2026-10-02		thuocl-it
程序崩溃	cheng xu beng kui	215	2026-10-02		thuocl-it
表单提交	biao dan ti jiao	215	2026-10-02		thuocl-it
选择排序	xuan ze pai xu	215	2026-10-02		thuocl-it
代码编写	dai ma bian xie	214	2026-10-02		thuocl-it
匿名内部类	ni ming nei bu lei	214	2026-10-02		thuocl-it
当前路径	dang qian lu jing	214	2026-10-02		thuocl-it
环境搭建	huan jing da jian	214	2026-10-02		thuocl-it
虚拟地址	xu ni di zhi	214	2026-10-02		thuocl-it
中文乱码	zhong wen luan ma	213	2026-10-02		thuocl-it
位或	wei huo	213	2026-10-02		thuocl-it
信息保存	xin xi bao cun	213	2026-10-02		thuocl-it
动态添加	dong tai tian jia	213	2026-10-02		thuocl-it
参考文档	can kao wen dang	213	2026-10-02		thuocl-it
可选参数	ke xuan can shu	213	2026-10-02		thuocl-it
命令提示符	ming ling ti shi fu	213	2026-10-02		thuocl-it
垃圾回收机制	la ji hui shou ji zhi	213	2026-10-02		thuocl-it
对象方法	dui xiang fang fa	213	2026-10-02		thuocl-it
循环语句	xun huan yu ju	213	2026-10-02		thuocl-it
执行流程	zhi xing liu cheng	213	2026-10-02		thuocl-it
提交表单	ti jiao biao dan	213	2026-10-02		thuocl-it
最小生成树	zui xiao sheng cheng shu	213	2026-10-02		thuocl-it
源码分析	yuan ma fen xi	213	2026-10-02		thuocl-it
环境配置	huan jing pei zhi	213	2026-10-02		thuocl-it
用户程序	yong hu cheng xu	213	2026-10-02		thuocl-it
访问网络	fang wen wang luo	213	2026-10-02		thuocl-it
调试工具	tiao shi gong ju	213	2026-10-02		thuocl-it
重新运行	chong xin yun xing	213	2026-10-02		thuocl-it
页面加载	ye mian jia zai	213	2026-10-02		thuocl-it
创建项目	chuang jian xiang mu	212	2026-10-02		thuocl-it
嵌入式系统	qian ru shi xi tong	212	2026-10-02		thuocl-it
类型参数	lei xing can shu	212	2026-10-02		thuocl-it
运行测试	yun xing ce shi	212	2026-10-02		thuocl-it
代码分析	dai ma fen xi	211	2026-10-02		thuocl-it
动态代理	dong tai dai li	211	2026-10-02		thuocl-it
命令模式	ming ling mo shi	211	2026-10-02		thuocl-it
微信公众号	wei xin gong zhong hao	211	2026-10-02		thuocl-it
数组类型	shu zu lei xing	211	2026-10-02		thuocl-it
目的地址	mu di di zhi	211	2026-10-02		thuocl-it
等待队列	deng dai dui lie	211	2026-10-02		thuocl-it
设备驱动	she bei qu dong	211	2026-10-02		thuocl-it
默认构造函数	mo ren gou zao han shu	211	2026-10-02		thuocl-it
任务管理器	ren wu guan li qi	210	2026-10-02		thuocl-it
内核空间	nei he kong jian	210	2026-10-02		thuocl-it
同步方法	tong bu fang fa	210	2026-10-02		thuocl-it
当前日期	dang qian ri qi	210	2026-10-02		thuocl-it
数据复制	shu ju fu zhi	210	2026-10-02		thuocl-it
文件创建	wen jian chuang jian	210	2026-10-02		thuocl-it
最大连接数	zui da lian jie shu	210	2026-10-02		thuocl-it
添加用户	tian jia yong hu	210	2026-10-02		thuocl-it
清单文件	qing dan wen jian	210	2026-10-02		thuocl-it
高亮显示	gao liang xian shi	210	2026-10-02		thuocl-it
互联网公司	hu lian wang gong si	209	2026-10-02		thuocl-it
代码结构	dai ma jie gou	209	2026-10-02		thuocl-it
全局函数	quan ju han shu	209	2026-10-02		thuocl-it
反向代理	fan xiang dai li	209	2026-10-02		thuocl-it
后台进程	hou tai jin cheng	209	2026-10-02		thuocl-it
底层实现	di ceng shi xian	209	2026-10-02		thuocl-it
开放源代码	kai fang yuan dai ma	209	2026-10-02		thuocl-it
数据库连接池	shu ju ku lian jie chi	209	2026-10-02		thuocl-it
数据绑定	shu ju bang ding	209	2026-10-02		thuocl-it
添加属性	tian jia shu xing	209	2026-10-02		thuocl-it
编译选项	bian yi xuan xiang	209	2026-10-02		thuocl-it
自定义函数	zi ding yi han shu	209	2026-10-02		thuocl-it
重复元素	chong fu yuan su	209	2026-10-02		thuocl-it
阻塞状态	zu se zhuang tai	209	2026-10-02		thuocl-it
静态文件	jing tai wen jian	209	2026-10-02		thuocl-it
项目文件	xiang mu wen jian	209	2026-10-02		thuocl-it
默认参数	mo ren can shu	209	2026-10-02		thuocl-it
内存缓存	nei cun huan cun	208	2026-10-02		thuocl-it
同步机制	tong bu ji zhi	208	2026-10-02		thuocl-it
命名规范	ming ming gui fan	208	2026-10-02		thuocl-it
对象数组	dui xiang shu zu	208	2026-10-02		thuocl-it
属性文件	shu xing wen jian	208	2026-10-02		thuocl-it
数据读取	shu ju du qu	208	2026-10-02		thuocl-it
文件结构	wen jian jie gou	208	2026-10-02		thuocl-it
私有方法	si you fang fa	208	2026-10-02		thuocl-it
网络状态	wang luo zhuang tai	208	2026-10-02		thuocl-it
逻辑运算符	luo ji yun suan fu	208	2026-10-02		thuocl-it
内存碎片	nei cun sui pian	207	2026-10-02		thuocl-it
大小写敏感	da xiao xie min gan	207	2026-10-02		thuocl-it
字符串处理	zi fu chuan chu li	207	2026-10-02		thuocl-it
字符串操作	zi fu chuan cao zuo	207	2026-10-02		thuocl-it
应用程序开发	ying yong cheng xu kai fa	207	2026-10-02		thuocl-it
数据加载	shu ju jia zai	207	2026-10-02		thuocl-it
数据库访问	shu ju ku fang wen	207	2026-10-02		thuocl-it
文件权限	wen jian quan xian	207	2026-10-02		thuocl-it
服务器配置	fu wu qi pei zhi	207	2026-10-02		thuocl-it
简单使用	jian dan shi yong	207	2026-10-02		thuocl-it
自定义属性	zi ding yi shu xing	207	2026-10-02		thuocl-it
下拉刷新	xia la shua xin	206	2026-10-02		thuocl-it
代码注释	dai ma zhu shi	206	2026-10-02		thuocl-it
参数信息	can shu xin xi	206	2026-10-02		thuocl-it
可变参数	ke bian can shu	206	2026-10-02		thuocl-it
后台执行	hou tai zhi xing	206	2026-10-02		thuocl-it
指针数组	zhi zhen shu zu	206	2026-10-02		thuocl-it
排序方法	pai xu fang fa	206	2026-10-02		thuocl-it
数据缓存	shu ju huan cun	206	2026-10-02		thuocl-it
查找文件	cha zhao wen jian	206	2026-10-02		thuocl-it
浏览器兼容	liu lan qi jian rong	206	2026-10-02		thuocl-it
策略模式	ce lve mo shi	206	2026-10-02		thuocl-it
简单实现	jian dan shi xian	206	2026-10-02		thuocl-it
类型安全	lei xing an quan	206	2026-10-02		thuocl-it
缓存文件	huan cun wen jian	206	2026-10-02		thuocl-it
远程仓库	yuan cheng cang ku	206	2026-10-02		thuocl-it
远程调用	yuan cheng diao yong	206	2026-10-02		thuocl-it
静态资源	jing tai zi yuan	206	2026-10-02		thuocl-it
分布式计算	fen bu shi ji suan	205	2026-10-02		thuocl-it
回调接口	hui diao jie kou	205	2026-10-02		thuocl-it
弹出对话框	tan chu dui hua kuang	205	2026-10-02		thuocl-it
循环引用	xun huan yin yong	205	2026-10-02		thuocl-it
拷贝构造函数	kao bei gou zao han shu	205	2026-10-02		thuocl-it
数据库设计	shu ju ku she ji	205	2026-10-02		thuocl-it
计算机视觉	ji suan ji shi jue	205	2026-10-02		thuocl-it
请求转发	qing qiu zhuan fa	205	2026-10-02		thuocl-it
静态函数	jing tai han shu	205	2026-10-02		thuocl-it
默认编码	mo ren bian ma	205	2026-10-02		thuocl-it
上下文切换	shang xia wen qie huan	204	2026-10-02		thuocl-it
乱码问题	luan ma wen ti	204	2026-10-02		thuocl-it
兼容性问题	jian rong xing wen ti	204	2026-10-02		thuocl-it
删除用户	shan chu yong hu	204	2026-10-02		thuocl-it
启动脚本	qi dong jiao ben	204	2026-10-02		thuocl-it
堆区	dui qu	204	2026-10-02		thuocl-it
定时任务	ding shi ren wu	204	2026-10-02		thuocl-it
并行执行	bing xing zhi xing	204	2026-10-02		thuocl-it
执行环境	zhi xing huan jing	204	2026-10-02		thuocl-it
数据字典	shu ju zi dian	204	2026-10-02		thuocl-it
最大公约数	zui da gong yue shu	204	2026-10-02		thuocl-it
网络配置	wang luo pei zhi	204	2026-10-02		thuocl-it
项目结构	xiang mu jie gou	204	2026-10-02		thuocl-it
下载图片	xia zai tu pian	203	2026-10-02		thuocl-it
任务调度	ren wu diao du	203	2026-10-02		thuocl-it
函数对象	han shu dui xiang	203	2026-10-02		thuocl-it
创建文件夹	chuang jian wen jian jia	203	2026-10-02		thuocl-it
图片缓存	tu pian huan cun	203	2026-10-02		thuocl-it
失去焦点	shi qu jiao dian	203	2026-10-02		thuocl-it
字段类型	zi duan lei xing	203	2026-10-02		thuocl-it
对象指针	dui xiang zhi zhen	203	2026-10-02		thuocl-it
数字字符	shu zi zi fu	203	2026-10-02		thuocl-it
消息循环	xiao xi xun huan	203	2026-10-02		thuocl-it
用户创建	yong hu chuang jian	203	2026-10-02		thuocl-it
系统开销	xi tong kai xiao	203	2026-10-02		thuocl-it
自定义类型	zi ding yi lei xing	203	2026-10-02		thuocl-it
读写文件	du xie wen jian	203	2026-10-02		thuocl-it
集成开发环境	ji cheng kai fa huan jing	203	2026-10-02		thuocl-it
屏幕宽度	ping mu kuan du	202	2026-10-02		thuocl-it
引用传递	yin yong chuan di	202	2026-10-02		thuocl-it
描述文件	miao shu wen jian	202	2026-10-02		thuocl-it
数据链路层	shu ju lian lu ceng	202	2026-10-02		thuocl-it
缩放比例	suo fang bi li	202	2026-10-02		thuocl-it
软件工程师	ruan jian gong cheng shi	202	2026-10-02		thuocl-it
输出格式	shu chu ge shi	202	2026-10-02		thuocl-it
进栈	jin zhan	202	2026-10-02		thuocl-it
全局对象	quan ju dui xiang	201	2026-10-02		thuocl-it
内存回收	nei cun hui shou	201	2026-10-02		thuocl-it
内存映射	nei cun ying she	201	2026-10-02		thuocl-it
字符设备	zi fu she bei	201	2026-10-02		thuocl-it
对象初始化	dui xiang chu shi hua	201	2026-10-02		thuocl-it
提交代码	ti jiao dai ma	201	2026-10-02		thuocl-it
文件写入	wen jian xie ru	201	2026-10-02		thuocl-it
私有变量	si you bian liang	201	2026-10-02		thuocl-it
程序设计语言	cheng xu she ji yu yan	201	2026-10-02		thuocl-it
编辑器使用	bian ji qi shi yong	201	2026-10-02		thuocl-it
自动化测试	zi dong hua ce shi	201	2026-10-02		thuocl-it
交叉编译	jiao cha bian yi	200	2026-10-02		thuocl-it
匹配模式	pi pei mo shi	200	2026-10-02		thuocl-it
屏幕分辨率	ping mu fen bian lv	200	2026-10-02		thuocl-it
服务进程	fu wu jin cheng	200	2026-10-02		thuocl-it
第一次启动	di yi ci qi dong	200	2026-10-02		thuocl-it
管理员权限	guan li yuan quan xian	200	2026-10-02		thuocl-it
设备驱动程序	she bei qu dong cheng xu	200	2026-10-02		thuocl-it
静态成员变量	jing tai cheng yuan bian liang	200	2026-10-02		thuocl-it
内存操作	nei cun cao zuo	199	2026-10-02		thuocl-it
字符串替换	zi fu chuan ti huan	199	2026-10-02		thuocl-it
字符串比较	zi fu chuan bi jiao	199	2026-10-02		thuocl-it
控制字符	kong zhi zi fu	199	2026-10-02		thuocl-it
数据压缩	shu ju ya suo	199	2026-10-02		thuocl-it
权限问题	quan xian wen ti	199	2026-10-02		thuocl-it
程序结构	cheng xu jie gou	199	2026-10-02		thuocl-it
适配器模式	shi pei qi mo shi	199	2026-10-02		thuocl-it
任务队列	ren wu dui lie	198	2026-10-02		thuocl-it
内核模块	nei he mo kuai	198	2026-10-02		thuocl-it
分布式应用	fen bu shi ying yong	198	2026-10-02		thuocl-it
命令窗口	ming ling chuang kou	198	2026-10-02		thuocl-it
字符转换	zi fu zhuan huan	198	2026-10-02		thuocl-it
完全二叉树	wan quan er cha shu	198	2026-10-02		thuocl-it
属性列表	shu xing lie biao	198	2026-10-02		thuocl-it
性能分析	xing neng fen xi	198	2026-10-02		thuocl-it
控制文件	kong zhi wen jian	198	2026-10-02		thuocl-it
操作确认	cao zuo que ren	198	2026-10-02		thuocl-it
本地存储	ben di cun chu	198	2026-10-02		thuocl-it
机器学习算法	ji qi xue xi suan fa	198	2026-10-02		thuocl-it
比较运算符	bi jiao yun suan fu	198	2026-10-02		thuocl-it
编辑文件	bian ji wen jian	198	2026-10-02		thuocl-it
网络服务器	wang luo fu wu qi	198	2026-10-02		thuocl-it
静态存储	jing tai cun chu	198	2026-10-02		thuocl-it
静态属性	jing tai shu xing	198	2026-10-02		thuocl-it
面向对象设计	mian xiang dui xiang she ji	198	2026-10-02		thuocl-it
内部函数	nei bu han shu	197	2026-10-02		thuocl-it
启动应用	qi dong ying yong	197	2026-10-02		thuocl-it
应用进程	ying yong jin cheng	197	2026-10-02		thuocl-it
数据一致性	shu ju yi zhi xing	197	2026-10-02		thuocl-it
数据持久化	shu ju chi jiu hua	197	2026-10-02		thuocl-it
有序集合	you xu ji he	197	2026-10-02		thuocl-it
流程控制	liu cheng kong zhi	197	2026-10-02		thuocl-it
消息机制	xiao xi ji zhi	197	2026-10-02		thuocl-it
程序计数器	cheng xu ji shu qi	197	2026-10-02		thuocl-it
系统内核	xi tong nei he	197	2026-10-02		thuocl-it
编译系统	bian yi xi tong	197	2026-10-02		thuocl-it
调用顺序	diao yong shun xu	197	2026-10-02		thuocl-it
面向对象语言	mian xiang dui xiang yu yan	197	2026-10-02		thuocl-it
页面跳转	ye mian tiao zhuan	197	2026-10-02		thuocl-it
内置函数	nei zhi han shu	196	2026-10-02		thuocl-it
后台任务	hou tai ren wu	196	2026-10-02		thuocl-it
启动方式	qi dong fang shi	196	2026-10-02		thuocl-it
外部调用	wai bu diao yong	196	2026-10-02		thuocl-it
希尔排序	xi er pai xu	196	2026-10-02		thuocl-it
抽象工厂	chou xiang gong chang	196	2026-10-02		thuocl-it
数据分布	shu ju fen bu	196	2026-10-02		thuocl-it
版本控制系统	ban ben kong zhi xi tong	196	2026-10-02		thuocl-it
编码转换	bian ma zhuan huan	196	2026-10-02		thuocl-it
编译工具	bian yi gong ju	196	2026-10-02		thuocl-it
读写分离	du xie fen li	196	2026-10-02		thuocl-it
读取配置文件	du qu pei zhi wen jian	196	2026-10-02		thuocl-it
递归实现	di gui shi xian	196	2026-10-02		thuocl-it
集合类型	ji he lei xing	196	2026-10-02		thuocl-it
代码优化	dai ma you hua	195	2026-10-02		thuocl-it
共享变量	gong xiang bian liang	195	2026-10-02		thuocl-it
关系映射	guan xi ying she	195	2026-10-02		thuocl-it
动态内存	dong tai nei cun	195	2026-10-02		thuocl-it
同步代码块	tong bu dai ma kuai	195	2026-10-02		thuocl-it
启动模式	qi dong mo shi	195	2026-10-02		thuocl-it
图形用户界面	tu xing yong hu jie mian	195	2026-10-02		thuocl-it
多线程并发	duo xian cheng bing fa	195	2026-10-02		thuocl-it
存储文件	cun chu wen jian	195	2026-10-02		thuocl-it
工厂方法模式	gong chang fang fa mo shi	195	2026-10-02		thuocl-it
常用属性	chang yong shu xing	195	2026-10-02		thuocl-it
开闭原则	kai bi yuan ze	195	2026-10-02		thuocl-it
拓扑排序	tuo pu pai xu	195	2026-10-02		thuocl-it
控制反转	kong zhi fan zhuan	195	2026-10-02		thuocl-it
数据请求	shu ju qing qiu	195	2026-10-02		thuocl-it
显示行号	xian shi xing hao	195	2026-10-02		thuocl-it
条件查询	tiao jian cha xun	195	2026-10-02		thuocl-it
查看源码	cha kan yuan ma	195	2026-10-02		thuocl-it
用户接口	yong hu jie kou	195	2026-10-02		thuocl-it
程序性能	cheng xu xing neng	195	2026-10-02		thuocl-it
算法思想	suan fa si xiang	195	2026-10-02		thuocl-it
编译出错	bian yi chu cuo	195	2026-10-02		thuocl-it
自动刷新	zi dong shua xin	195	2026-10-02		thuocl-it
远程服务	yuan cheng fu wu	195	2026-10-02		thuocl-it
创建进程	chuang jian jin cheng	194	2026-10-02		thuocl-it
字符串匹配	zi fu chuan pi pei	194	2026-10-02		thuocl-it
就绪状态	jiu xu zhuang tai	194	2026-10-02		thuocl-it
循环结构	xun huan jie gou	194	2026-10-02		thuocl-it
文件定义	wen jian ding yi	194	2026-10-02		thuocl-it
用户登陆	yong hu deng lu	194	2026-10-02		thuocl-it
私有属性	si you shu xing	194	2026-10-02		thuocl-it
系统进程	xi tong jin cheng	194	2026-10-02		thuocl-it
线性布局	xian xing bu ju	194	2026-10-02		thuocl-it
缓存策略	huan cun ce lve	194	2026-10-02		thuocl-it
获取参数	huo qu can shu	194	2026-10-02		thuocl-it
转换函数	zhuan huan han shu	194	2026-10-02		thuocl-it
隔离级别	ge li ji bie	194	2026-10-02		thuocl-it
静态代码块	jing tai dai ma kuai	194	2026-10-02		thuocl-it
偏好设置	pian hao she zhi	193	2026-10-02		thuocl-it
同步操作	tong bu cao zuo	193	2026-10-02		thuocl-it
常用操作	chang yong cao zuo	193	2026-10-02		thuocl-it
报错信息	bao cuo xin xi	193	2026-10-02		thuocl-it
拷贝文件	kao bei wen jian	193	2026-10-02		thuocl-it
接口调用	jie kou diao yong	193	2026-10-02		thuocl-it
文件访问	wen jian fang wen	193	2026-10-02		thuocl-it
界面布局	jie mian bu ju	193	2026-10-02		thuocl-it
直接插入排序	zhi jie cha ru pai xu	193	2026-10-02		thuocl-it
访问修饰符	fang wen xiu shi fu	193	2026-10-02		thuocl-it
访问共享	fang wen gong xiang	193	2026-10-02		thuocl-it
进程创建	jin cheng chuang jian	193	2026-10-02		thuocl-it
代码提示	dai ma ti shi	192	2026-10-02		thuocl-it
传输控制协议	chuan shu kong zhi xie yi	192	2026-10-02		thuocl-it
分布式存储	fen bu shi cun chu	192	2026-10-02		thuocl-it
单行注释	dan xing zhu shi	192	2026-10-02		thuocl-it
批处理文件	pi chu li wen jian	192	2026-10-02		thuocl-it
抽象工厂模式	chou xiang gong chang mo shi	192	2026-10-02		thuocl-it
操作命令	cao zuo ming ling	192	2026-10-02		thuocl-it
支持向量机	zhi chi xiang liang ji	192	2026-10-02		thuocl-it
数据目录	shu ju mu lu	192	2026-10-02		thuocl-it
数据空间	shu ju kong jian	192	2026-10-02		thuocl-it
第三方应用	di san fang ying yong	192	2026-10-02		thuocl-it
自定义对象	zi ding yi dui xiang	192	2026-10-02		thuocl-it
设备信息	she bei xin xi	192	2026-10-02		thuocl-it
静态初始化	jing tai chu shi hua	192	2026-10-02		thuocl-it
项目代码	xiang mu dai ma	192	2026-10-02		thuocl-it
默认大小	mo ren da xiao	192	2026-10-02		thuocl-it
分布式缓存	fen bu shi huan cun	191	2026-10-02		thuocl-it
字符串拼接	zi fu chuan pin jie	191	2026-10-02		thuocl-it
对象状态	dui xiang zhuang tai	191	2026-10-02		thuocl-it
引用数据类型	yin yong shu ju lei xing	191	2026-10-02		thuocl-it
数据封装	shu ju feng zhuang	191	2026-10-02		thuocl-it
时间设置	shi jian she zhi	191	2026-10-02		thuocl-it
源代码下载	yuan dai ma xia zai	191	2026-10-02		thuocl-it
用户授权	yong hu shou quan	191	2026-10-02		thuocl-it
算术运算符	suan shu yun suan fu	191	2026-10-02		thuocl-it
网络下载	wang luo xia zai	191	2026-10-02		thuocl-it
自动编译	zi dong bian yi	191	2026-10-02		thuocl-it
进程管理	jin cheng guan li	191	2026-10-02		thuocl-it
广播地址	guang bo di zhi	190	2026-10-02		thuocl-it
性能调优	xing neng tiao you	190	2026-10-02		thuocl-it
数学函数	shu xue han shu	190	2026-10-02		thuocl-it
数据完整性	shu ju wan zheng xing	190	2026-10-02		thuocl-it
数据库配置	shu ju ku pei zhi	190	2026-10-02		thuocl-it
深度优先搜索	shen du you xian sou suo	190	2026-10-02		thuocl-it
组合模式	zu he mo shi	190	2026-10-02		thuocl-it
自然语言处理	zi ran yu yan chu li	190	2026-10-02		thuocl-it
装饰模式	zhuang shi mo shi	190	2026-10-02		thuocl-it
进程调度	jin cheng diao du	190	2026-10-02		thuocl-it
进程通信	jin cheng tong xin	190	2026-10-02		thuocl-it
邮件服务器	you jian fu wu qi	190	2026-10-02		thuocl-it
重复数据	chong fu shu ju	190	2026-10-02		thuocl-it
动态网页	dong tai wang ye	189	2026-10-02		thuocl-it
动态页面	dong tai ye mian	189	2026-10-02		thuocl-it
哈希算法	ha xi suan fa	189	2026-10-02		thuocl-it
基本命令	ji ben ming ling	189	2026-10-02		thuocl-it
外部存储	wai bu cun chu	189	2026-10-02		thuocl-it
对象序列化	dui xiang xu lie hua	189	2026-10-02		thuocl-it
平衡二叉树	ping heng er cha shu	189	2026-10-02		thuocl-it
性能比较	xing neng bi jiao	189	2026-10-02		thuocl-it
控制数据	kong zhi shu ju	189	2026-10-02		thuocl-it
插件安装	cha jian an zhuang	189	2026-10-02		thuocl-it
数据库结构	shu ju ku jie gou	189	2026-10-02		thuocl-it
文件地址	wen jian di zhi	189	2026-10-02		thuocl-it
文件处理	wen jian chu li	189	2026-10-02		thuocl-it
机器指令	ji qi zhi ling	189	2026-10-02		thuocl-it
条件变量	tiao jian bian liang	189	2026-10-02		thuocl-it
桥接模式	qiao jie mo shi	189	2026-10-02		thuocl-it
源码编译	yuan ma bian yi	189	2026-10-02		thuocl-it
物理设备	wu li she bei	189	2026-10-02		thuocl-it
环境变量配置	huan jing bian liang pei zhi	189	2026-10-02		thuocl-it
程序安装	cheng xu an zhuang	189	2026-10-02		thuocl-it
解析数据	jie xi shu ju	189	2026-10-02		thuocl-it
计算机专业	ji suan ji zhuan ye	189	2026-10-02		thuocl-it
记忆化搜索	ji yi hua sou suo	189	2026-10-02		thuocl-it
进程状态	jin cheng zhuang tai	189	2026-10-02		thuocl-it
通信机制	tong xin ji zhi	189	2026-10-02		thuocl-it
静态成员函数	jing tai cheng yuan han shu	189	2026-10-02		thuocl-it
关系运算符	guan xi yun suan fu	188	2026-10-02		thuocl-it
内置类型	nei zhi lei xing	188	2026-10-02		thuocl-it
内部存储	nei bu cun chu	188	2026-10-02		thuocl-it
创建工程	chuang jian gong cheng	188	2026-10-02		thuocl-it
参数文件	can shu wen jian	188	2026-10-02		thuocl-it
启动文件	qi dong wen jian	188	2026-10-02		thuocl-it
外键约束	wai jian yue shu	188	2026-10-02		thuocl-it
字符替换	zi fu ti huan	188	2026-10-02		thuocl-it
对称加密	dui chen jia mi	188	2026-10-02		thuocl-it
广播接收器	guang bo jie shou qi	188	2026-10-02		thuocl-it
数据类型转换	shu ju lei xing zhuan huan	188	2026-10-02		thuocl-it
数据解析	shu ju jie xi	188	2026-10-02		thuocl-it
数组指针	shu zu zhi zhen	188	2026-10-02		thuocl-it
数组越界	shu zu yue jie	188	2026-10-02		thuocl-it
文件编码	wen jian bian ma	188	2026-10-02		thuocl-it
目标目录	mu biao mu lu	188	2026-10-02		thuocl-it
算法复杂度	suan fa fu za du	188	2026-10-02		thuocl-it
编码问题	bian ma wen ti	188	2026-10-02		thuocl-it
编译内核	bian yi nei he	188	2026-10-02		thuocl-it
背包问题	bei bao wen ti	188	2026-10-02		thuocl-it
表单验证	biao dan yan zheng	188	2026-10-02		thuocl-it
计算机语言	ji suan ji yu yan	188	2026-10-02		thuocl-it
调度算法	diao du suan fa	188	2026-10-02		thuocl-it
返回按钮	fan hui an niu	188	2026-10-02		thuocl-it
配置环境	pei zhi huan jing	188	2026-10-02		thuocl-it
内存布局	nei cun bu ju	187	2026-10-02		thuocl-it
内置对象	nei zhi dui xiang	187	2026-10-02		thuocl-it
分页查询	fen ye cha xun	187	2026-10-02		thuocl-it
初始化列表	chu shi hua lie biao	187	2026-10-02		thuocl-it
动态分配内存	dong tai fen pei nei cun	187	2026-10-02		thuocl-it
动态调用	dong tai diao yong	187	2026-10-02		thuocl-it
字符串函数	zi fu chuan han shu	187	2026-10-02		thuocl-it
属性动画	shu xing dong hua	187	2026-10-02		thuocl-it
常用函数	chang yong han shu	187	2026-10-02		thuocl-it
年在	nian zai	187	2026-10-02		thuocl-it
数据库引擎	shu ju ku yin qing	187	2026-10-02		thuocl-it
显示中文	xian shi zhong wen	187	2026-10-02		thuocl-it
最小公倍数	zui xiao gong bei shu	187	2026-10-02		thuocl-it
最高优先级	zui gao you xian ji	187	2026-10-02		thuocl-it
有序数组	you xu shu zu	187	2026-10-02		thuocl-it
构建工具	gou jian gong ju	187	2026-10-02		thuocl-it
正则匹配	zheng ze pi pei	187	2026-10-02		thuocl-it
简单工厂模式	jian dan gong chang mo shi	187	2026-10-02		thuocl-it
算法分析	suan fa fen xi	187	2026-10-02		thuocl-it
编码规范	bian ma gui fan	187	2026-10-02		thuocl-it
聚合函数	ju he han shu	187	2026-10-02		thuocl-it
设备名	she bei ming	187	2026-10-02		thuocl-it
集合框架	ji he kuang jia	187	2026-10-02		thuocl-it
上下文菜单	shang xia wen cai dan	186	2026-10-02		thuocl-it
共享目录	gong xiang mu lu	186	2026-10-02		thuocl-it
内存拷贝	nei cun kao bei	186	2026-10-02		thuocl-it
定时执行	ding shi zhi xing	186	2026-10-02		thuocl-it
开发文档	kai fa wen dang	186	2026-10-02		thuocl-it
提高工作效率	ti gao gong zuo xiao lv	186	2026-10-02		thuocl-it
数据访问层	shu ju fang wen ceng	186	2026-10-02		thuocl-it
无法解析	wu fa jie xi	186	2026-10-02		thuocl-it
最小宽度	zui xiao kuan du	186	2026-10-02		thuocl-it
条件编译	tiao jian bian yi	186	2026-10-02		thuocl-it
真机调试	zhen ji tiao shi	186	2026-10-02		thuocl-it
结构体指针	jie gou ti zhi zhen	186	2026-10-02		thuocl-it
绘制图形	hui zhi tu xing	186	2026-10-02		thuocl-it
编译链接	bian yi lian jie	186	2026-10-02		thuocl-it
输入输出流	shu ru shu chu liu	186	2026-10-02		thuocl-it
逻辑地址	luo ji di zhi	186	2026-10-02		thuocl-it
阻塞队列	zu se dui lie	186	2026-10-02		thuocl-it
静态工厂方法	jing tai gong chang fang fa	186	2026-10-02		thuocl-it
企业级应用	qi ye ji ying yong	185	2026-10-02		thuocl-it
分布式数据库	fen bu shi shu ju ku	185	2026-10-02		thuocl-it
分支合并	fen zhi he bing	185	2026-10-02		thuocl-it
动态内存分配	dong tai nei cun fen pei	185	2026-10-02		thuocl-it
单一职责原则	dan yi zhi ze yuan ze	185	2026-10-02		thuocl-it
地址映射	di zhi ying she	185	2026-10-02		thuocl-it
字长	zi zhang	185	2026-10-02		thuocl-it
屏幕方向	ping mu fang xiang	185	2026-10-02		thuocl-it
文件压缩	wen jian ya suo	185	2026-10-02		thuocl-it
服务器交互	fu wu qi jiao hu	185	2026-10-02		thuocl-it
查看源代码	cha kan yuan dai ma	185	2026-10-02		thuocl-it
源码安装	yuan ma an zhuang	185	2026-10-02		thuocl-it
父子进程	fu zi jin cheng	185	2026-10-02		thuocl-it
状态模式	zhuang tai mo shi	185	2026-10-02		thuocl-it
用户认证	yong hu ren zheng	185	2026-10-02		thuocl-it
程序调试	cheng xu tiao shi	185	2026-10-02		thuocl-it
系统权限	xi tong quan xian	185	2026-10-02		thuocl-it
缓存系统	huan cun xi tong	185	2026-10-02		thuocl-it
计算机程序	ji suan ji cheng xu	185	2026-10-02		thuocl-it
调度程序	diao du cheng xu	185	2026-10-02		thuocl-it
运行时错误	yun xing shi cuo wu	185	2026-10-02		thuocl-it
集合操作	ji he cao zuo	185	2026-10-02		thuocl-it
主从复制	zhu cong fu zhi	184	2026-10-02		thuocl-it
互联网应用	hu lian wang ying yong	184	2026-10-02		thuocl-it
代码规范	dai ma gui fan	184	2026-10-02		thuocl-it
传递对象	chuan di dui xiang	184	2026-10-02		thuocl-it
位与	wei yu	184	2026-10-02		thuocl-it
同步请求	tong bu qing qiu	184	2026-10-02		thuocl-it
名称空间	ming cheng kong jian	184	2026-10-02		thuocl-it
图形化界面	tu xing hua jie mian	184	2026-10-02		thuocl-it
大小写不敏感	da xiao xie bu min gan	184	2026-10-02		thuocl-it
扩展方法	kuo zhan fang fa	184	2026-10-02		thuocl-it
排序规则	pai xu gui ze	184	2026-10-02		thuocl-it
控制台程序	kong zhi tai cheng xu	184	2026-10-02		thuocl-it
控制台输入	kong zhi tai shu ru	184	2026-10-02		thuocl-it
数字转换	shu zi zhuan huan	184	2026-10-02		thuocl-it
数据库管理	shu ju ku guan li	184	2026-10-02		thuocl-it
替换字符串	ti huan zi fu chuan	184	2026-10-02		thuocl-it
服务器性能	fu wu qi xing neng	184	2026-10-02		thuocl-it
查询缓存	cha xun huan cun	184	2026-10-02		thuocl-it
模板方法模式	mu ban fang fa mo shi	184	2026-10-02		thuocl-it
用户代理	yong hu dai li	184	2026-10-02		thuocl-it
系统命令	xi tong ming ling	184	2026-10-02		thuocl-it
编译参数	bian yi can shu	184	2026-10-02		thuocl-it
聚类算法	ju lei suan fa	184	2026-10-02		thuocl-it
获取当前时间	huo qu dang qian shi jian	184	2026-10-02		thuocl-it
交叉编译器	jiao cha bian yi qi	183	2026-10-02		thuocl-it
代码测试	dai ma ce shi	183	2026-10-02		thuocl-it
保存状态	bao cun zhuang tai	183	2026-10-02		thuocl-it
元素节点	yuan su jie dian	183	2026-10-02		thuocl-it
分类算法	fen lei suan fa	183	2026-10-02		thuocl-it
变量命名	bian liang ming ming	183	2026-10-02		thuocl-it
启动失败	qi dong shi bai	183	2026-10-02		thuocl-it
命名管道	ming ming guan dao	183	2026-10-02		thuocl-it
复制构造函数	fu zhi gou zao han shu	183	2026-10-02		thuocl-it
字符匹配	zi fu pi pei	183	2026-10-02		thuocl-it
安装失败	an zhuang shi bai	183	2026-10-02		thuocl-it
工作队列	gong zuo dui lie	183	2026-10-02		thuocl-it
数据库应用	shu ju ku ying yong	183	2026-10-02		thuocl-it
暂停状态	zan ting zhuang tai	183	2026-10-02		thuocl-it
服务器应用	fu wu qi ying yong	183	2026-10-02		thuocl-it
环境变量设置	huan jing bian liang she zhi	183	2026-10-02		thuocl-it
相互调用	xiang hu diao yong	183	2026-10-02		thuocl-it
矩阵相乘	ju zhen xiang cheng	183	2026-10-02		thuocl-it
磁盘缓存	ci pan huan cun	183	2026-10-02		thuocl-it
缓存服务器	huan cun fu wu qi	183	2026-10-02		thuocl-it
自动布局	zi dong bu ju	183	2026-10-02		thuocl-it
自定义标签	zi ding yi biao qian	183	2026-10-02		thuocl-it
软件开发过程	ruan jian kai fa guo cheng	183	2026-10-02		thuocl-it
远程分支	yuan cheng fen zhi	183	2026-10-02		thuocl-it
远程过程调用	yuan cheng guo cheng diao yong	183	2026-10-02		thuocl-it
项目源码	xiang mu yuan ma	183	2026-10-02		thuocl-it
高级特性	gao ji te xing	183	2026-10-02		thuocl-it
共享存储	gong xiang cun chu	182	2026-10-02		thuocl-it
关联对象	guan lian dui xiang	182	2026-10-02		thuocl-it
内存管理机制	nei cun guan li ji zhi	182	2026-10-02		thuocl-it
内核启动	nei he qi dong	182	2026-10-02		thuocl-it
字符输入	zi fu shu ru	182	2026-10-02		thuocl-it
应用名称	ying yong ming cheng	182	2026-10-02		thuocl-it
搜索文件	sou suo wen jian	182	2026-10-02		thuocl-it
数据可视化	shu ju ke shi hua	182	2026-10-02		thuocl-it
查询语言	cha xun yu yan	182	2026-10-02		thuocl-it
模块加载	mo kuai jia zai	182	2026-10-02		thuocl-it
模板方法	mu ban fang fa	182	2026-10-02		thuocl-it
第三方框架	di san fang kuang jia	182	2026-10-02		thuocl-it
第三方类库	di san fang lei ku	182	2026-10-02		thuocl-it
类成员函数	lei cheng yuan han shu	182	2026-10-02		thuocl-it
获取时间	huo qu shi jian	182	2026-10-02		thuocl-it
计算表达式	ji suan biao da shi	182	2026-10-02		thuocl-it
错误类型	cuo wu lei xing	182	2026-10-02		thuocl-it
非对称加密	fei dui chen jia mi	182	2026-10-02		thuocl-it
中文编码	zhong wen bian ma	181	2026-10-02		thuocl-it
命令操作	ming ling cao zuo	181	2026-10-02		thuocl-it
外观模式	wai guan mo shi	181	2026-10-02		thuocl-it
存储类型	cun chu lei xing	181	2026-10-02		thuocl-it
屏幕适配	ping mu shi pei	181	2026-10-02		thuocl-it
广度优先搜索	guang du you xian sou suo	181	2026-10-02		thuocl-it
应用框架	ying yong kuang jia	181	2026-10-02		thuocl-it
延迟执行	yan chi zhi xing	181	2026-10-02		thuocl-it
插入节点	cha ru jie dian	181	2026-10-02		thuocl-it
数据库备份	shu ju ku bei fen	181	2026-10-02		thuocl-it
数据编码	shu ju bian ma	181	2026-10-02		thuocl-it
服务提供者	fu wu ti gong zhe	181	2026-10-02		thuocl-it
电子邮件地址	dian zi you jian di zhi	181	2026-10-02		thuocl-it
登陆界面	deng lu jie mian	181	2026-10-02		thuocl-it
结构体数组	jie gou ti shu zu	181	2026-10-02		thuocl-it
设备节点	she bei jie dian	181	2026-10-02		thuocl-it
进程控制	jin cheng kong zhi	181	2026-10-02		thuocl-it
顺序查找	shun xu cha zhao	181	2026-10-02		thuocl-it
驱动开发	qu dong kai fa	181	2026-10-02		thuocl-it
内存结构	nei cun jie gou	180	2026-10-02		thuocl-it
创建日期	chuang jian ri qi	180	2026-10-02		thuocl-it
加载更多	jia zai geng duo	180	2026-10-02		thuocl-it
动态注册	dong tai zhu ce	180	2026-10-02		thuocl-it
匿名对象	ni ming dui xiang	180	2026-10-02		thuocl-it
存储管理	cun chu guan li	180	2026-10-02		thuocl-it
异常处理机制	yi chang chu li ji zhi	180	2026-10-02		thuocl-it
控制语句	kong zhi yu ju	180	2026-10-02		thuocl-it
无法加载	wu fa jia zai	180	2026-10-02		thuocl-it
服务器软件	fu wu qi ruan jian	180	2026-10-02		thuocl-it
本地图片	ben di tu pian	180	2026-10-02		thuocl-it
模板函数	mu ban han shu	180	2026-10-02		thuocl-it
测试脚本	ce shi jiao ben	180	2026-10-02		thuocl-it
目标系统	mu biao xi tong	180	2026-10-02		thuocl-it
端口映射	duan kou ying she	180	2026-10-02		thuocl-it
类型转化	lei xing zhuan hua	180	2026-10-02		thuocl-it
老年代	lao nian dai	180	2026-10-02		thuocl-it
阴影效果	yin ying xiao guo	180	2026-10-02		thuocl-it
集群环境	ji qun huan jing	180	2026-10-02		thuocl-it
共享文件夹	gong xiang wen jian jia	179	2026-10-02		thuocl-it
内部错误	nei bu cuo wu	179	2026-10-02		thuocl-it
原理分析	yuan li fen xi	179	2026-10-02		thuocl-it
启动流程	qi dong liu cheng	179	2026-10-02		thuocl-it
坐标转换	zuo biao zhuan huan	179	2026-10-02		thuocl-it
大数据分析	da shu ju fen xi	179	2026-10-02		thuocl-it
字符串指针	zi fu chuan zhi zhen	179	2026-10-02		thuocl-it
建造者模式	jian zao zhe mo shi	179	2026-10-02		thuocl-it
开源工具	kai yuan gong ju	179	2026-10-02		thuocl-it
归档文件	gui dang wen jian	179	2026-10-02		thuocl-it
执行系统	zhi xing xi tong	179	2026-10-02		thuocl-it
文件合并	wen jian he bing	179	2026-10-02		thuocl-it
文件管理器	wen jian guan li qi	179	2026-10-02		thuocl-it
生存周期	sheng cun zhou qi	179	2026-10-02		thuocl-it
直接映射	zhi jie ying she	179	2026-10-02		thuocl-it
第三方工具	di san fang gong ju	179	2026-10-02		thuocl-it
编译器优化	bian yi qi you hua	179	2026-10-02		thuocl-it
苹果开发	ping guo kai fa	179	2026-10-02		thuocl-it
虚拟目录	xu ni mu lu	179	2026-10-02		thuocl-it
转换方法	zhuan huan fang fa	179	2026-10-02		thuocl-it
运行错误	yun xing cuo wu	179	2026-10-02		thuocl-it
项目创建	xiang mu chuang jian	179	2026-10-02		thuocl-it
中间代码	zhong jian dai ma	178	2026-10-02		thuocl-it
内存数据库	nei cun shu ju ku	178	2026-10-02		thuocl-it
回调机制	hui diao ji zhi	178	2026-10-02		thuocl-it
声明周期	sheng ming zhou qi	178	2026-10-02		thuocl-it
完全背包	wan quan bei bao	178	2026-10-02		thuocl-it
屏幕旋转	ping mu xuan zhuan	178	2026-10-02		thuocl-it
嵌入式开发	qian ru shi kai fa	178	2026-10-02		thuocl-it
布局管理器	bu ju guan li qi	178	2026-10-02		thuocl-it
开机自启动	kai ji zi qi dong	178	2026-10-02		thuocl-it
数据验证	shu ju yan zheng	178	2026-10-02		thuocl-it
数组初始化	shu zu chu shi hua	178	2026-10-02		thuocl-it
文件传输协议	wen jian chuan shu xie yi	178	2026-10-02		thuocl-it
文件服务器	wen jian fu wu qi	178	2026-10-02		thuocl-it
梯度下降法	ti du xia jiang fa	178	2026-10-02		thuocl-it
状态保存	zhuang tai bao cun	178	2026-10-02		thuocl-it
碰撞检测	peng zhuang jian ce	178	2026-10-02		thuocl-it
经典算法	jing dian suan fa	178	2026-10-02		thuocl-it
网络模型	wang luo mo xing	178	2026-10-02		thuocl-it
自定义布局	zi ding yi bu ju	178	2026-10-02		thuocl-it
访问者模式	fang wen zhe mo shi	178	2026-10-02		thuocl-it
资源加载	zi yuan jia zai	178	2026-10-02		thuocl-it
资源释放	zi yuan shi fang	178	2026-10-02		thuocl-it
跳转页面	tiao zhuan ye mian	178	2026-10-02		thuocl-it
运行级别	yun xing ji bie	178	2026-10-02		thuocl-it
集群管理	ji qun guan li	178	2026-10-02		thuocl-it
非法字符	fei fa zi fu	178	2026-10-02		thuocl-it
面向服务	mian xiang fu wu	178	2026-10-02		thuocl-it
不可变对象	bu ke bian dui xiang	177	2026-10-02		thuocl-it
内建函数	nei jian han shu	177	2026-10-02		thuocl-it
内部对象	nei bu dui xiang	177	2026-10-02		thuocl-it
创建型模式	chuang jian xing mo shi	177	2026-10-02		thuocl-it
初始化顺序	chu shi hua shun xu	177	2026-10-02		thuocl-it
协方差矩阵	xie fang cha ju zhen	177	2026-10-02		thuocl-it
变量初始化	bian liang chu shi hua	177	2026-10-02		thuocl-it
命令行界面	ming ling hang jie mian	177	2026-10-02		thuocl-it
备忘录模式	bei wang lu mo shi	177	2026-10-02		thuocl-it
多条语句	duo tiao yu ju	177	2026-10-02		thuocl-it
屏幕密度	ping mu mi du	177	2026-10-02		thuocl-it
微信公众平台	wei xin gong zhong ping tai	177	2026-10-02		thuocl-it
批量删除	pi liang shan chu	177	2026-10-02		thuocl-it
批量操作	pi liang cao zuo	177	2026-10-02		thuocl-it
文本输入框	wen ben shu ru kuang	177	2026-10-02		thuocl-it
标准库函数	biao zhun ku han shu	177	2026-10-02		thuocl-it
算法原理	suan fa yuan li	177	2026-10-02		thuocl-it
缩点	suo dian	177	2026-10-02		thuocl-it
自动滚动	zi dong gun dong	177	2026-10-02		thuocl-it
计算机硬件	ji suan ji ying jian	177	2026-10-02		thuocl-it
责任链模式	ze ren lian mo shi	177	2026-10-02		thuocl-it
递归方法	di gui fang fa	177	2026-10-02		thuocl-it
随机存取	sui ji cun qu	177	2026-10-02		thuocl-it
中文分词	zhong wen fen ci	176	2026-10-02		thuocl-it
代码编辑器	dai ma bian ji qi	176	2026-10-02		thuocl-it
代码设计	dai ma she ji	176	2026-10-02		thuocl-it
全局设置	quan ju she zhi	176	2026-10-02		thuocl-it
全文索引	quan wen suo yin	176	2026-10-02		thuocl-it
内容提供者	nei rong ti gong zhe	176	2026-10-02		thuocl-it
分页显示	fen ye xian shi	176	2026-10-02		thuocl-it
单例设计模式	dan li she ji mo shi	176	2026-10-02		thuocl-it
双端队列	shuang duan dui lie	176	2026-10-02		thuocl-it
启动代码	qi dong dai ma	176	2026-10-02		thuocl-it
四次握手	si ci wo shou	176	2026-10-02		thuocl-it
域名服务器	yu ming fu wu qi	176	2026-10-02		thuocl-it
字符串分割	zi fu chuan fen ge	176	2026-10-02		thuocl-it
工具方法	gong ju fang fa	176	2026-10-02		thuocl-it
应用程序接口	ying yong cheng xu jie kou	176	2026-10-02		thuocl-it
引导程序	yin dao cheng xu	176	2026-10-02		thuocl-it
拼接字符串	pin jie zi fu chuan	176	2026-10-02		thuocl-it
持久化存储	chi jiu hua cun chu	176	2026-10-02		thuocl-it
搭建环境	da jian huan jing	176	2026-10-02		thuocl-it
数据排序	shu ju pai xu	176	2026-10-02		thuocl-it
最小二乘法	zui xiao er cheng fa	176	2026-10-02		thuocl-it
服务器设置	fu wu qi she zhi	176	2026-10-02		thuocl-it
火狐浏览器	huo hu liu lan qi	176	2026-10-02		thuocl-it
科学计数法	ke xue ji shu fa	176	2026-10-02		thuocl-it
程序生成	cheng xu sheng cheng	176	2026-10-02		thuocl-it
网络拓扑	wang luo tuo pu	176	2026-10-02		thuocl-it
自动装配	zi dong zhuang pei	176	2026-10-02		thuocl-it
虚拟文件系统	xu ni wen jian xi tong	176	2026-10-02		thuocl-it
计算机技术	ji suan ji ji shu	176	2026-10-02		thuocl-it
输入缓冲区	shu ru huan chong qu	176	2026-10-02		thuocl-it
选择图片	xuan ze tu pian	176	2026-10-02		thuocl-it
项目部署	xiang mu bu shu	176	2026-10-02		thuocl-it
三层架构	san ceng jia gou	175	2026-10-02		thuocl-it
中文文档	zhong wen wen dang	175	2026-10-02		thuocl-it
二分答案	er fen da an	175	2026-10-02		thuocl-it
任务处理	ren wu chu li	175	2026-10-02		thuocl-it
内核对象	nei he dui xiang	175	2026-10-02		thuocl-it
分割字符串	fen ge zi fu chuan	175	2026-10-02		thuocl-it
删除文件夹	shan chu wen jian jia	175	2026-10-02		thuocl-it
前台页面	qian tai ye mian	175	2026-10-02		thuocl-it
加载网络图片	jia zai wang luo tu pian	175	2026-10-02		thuocl-it
加载顺序	jia zai shun xu	175	2026-10-02		thuocl-it
动态显示	dong tai xian shi	175	2026-10-02		thuocl-it
启动顺序	qi dong shun xu	175	2026-10-02		thuocl-it
大数据处理	da shu ju chu li	175	2026-10-02		thuocl-it
大数据时代	da shu ju shi dai	175	2026-10-02		thuocl-it
屏幕高度	ping mu gao du	175	2026-10-02		thuocl-it
常用快捷键	chang yong kuai jie jian	175	2026-10-02		thuocl-it
性能对比	xing neng dui bi	175	2026-10-02		thuocl-it
执行引擎	zhi xing yin qing	175	2026-10-02		thuocl-it
提供程序	ti gong cheng xu	175	2026-10-02		thuocl-it
数据存取	shu ju cun qu	175	2026-10-02		thuocl-it
杀死进程	sha si jin cheng	175	2026-10-02		thuocl-it
架构模式	jia gou mo shi	175	2026-10-02		thuocl-it
消息系统	xiao xi xi tong	175	2026-10-02		thuocl-it
矩阵运算	ju zhen yun suan	175	2026-10-02		thuocl-it
解释器模式	jie shi qi mo shi	175	2026-10-02		thuocl-it
计算机图形学	ji suan ji tu xing xue	175	2026-10-02		thuocl-it
运算符优先级	yun suan fu you xian ji	175	2026-10-02		thuocl-it
进程地址空间	jin cheng di zhi kong jian	175	2026-10-02		thuocl-it
通知机制	tong zhi ji zhi	175	2026-10-02		thuocl-it
重排序	chong pai xu	175	2026-10-02		thuocl-it
静态数据成员	jing tai shu ju cheng yuan	175	2026-10-02		thuocl-it
静态编译	jing tai bian yi	175	2026-10-02		thuocl-it
面向对象思想	mian xiang dui xiang si xiang	175	2026-10-02		thuocl-it
互联网时代	hu lian wang shi dai	174	2026-10-02		thuocl-it
优先级队列	you xian ji dui lie	174	2026-10-02		thuocl-it
内存优化	nei cun you hua	174	2026-10-02		thuocl-it
函数返回值	han shu fan hui zhi	174	2026-10-02		thuocl-it
前台进程	qian tai jin cheng	174	2026-10-02		thuocl-it
卷积神经网络	juan ji shen jing wang luo	174	2026-10-02		thuocl-it
压缩图片	ya suo tu pian	174	2026-10-02		thuocl-it
多线程下载	duo xian cheng xia zai	174	2026-10-02		thuocl-it
大小写转换	da xiao xie zhuan huan	174	2026-10-02		thuocl-it
应用逻辑	ying yong luo ji	174	2026-10-02		thuocl-it
成员对象	cheng yuan dui xiang	174	2026-10-02		thuocl-it
打包工具	da bao gong ju	174	2026-10-02		thuocl-it
打开菜单	da kai cai dan	174	2026-10-02		thuocl-it
按钮点击事件	an niu dian ji shi jian	174	2026-10-02		thuocl-it
接口设计	jie kou she ji	174	2026-10-02		thuocl-it
数据库管理员	shu ju ku guan li yuan	174	2026-10-02		thuocl-it
框架使用	kuang jia shi yong	174	2026-10-02		thuocl-it
消息转发	xiao xi zhuan fa	174	2026-10-02		thuocl-it
添加节点	tian jia jie dian	174	2026-10-02		thuocl-it
生命周期管理	sheng ming zhou qi guan li	174	2026-10-02		thuocl-it
目标路径	mu biao lu jing	174	2026-10-02		thuocl-it
系统生成	xi tong sheng cheng	174	2026-10-02		thuocl-it
编译报错	bian yi bao cuo	174	2026-10-02		thuocl-it
网络文件系统	wang luo wen jian xi tong	174	2026-10-02		thuocl-it
网络适配器	wang luo shi pei qi	174	2026-10-02		thuocl-it
联合查询	lian he cha xun	174	2026-10-02		thuocl-it
视频播放器	shi pin bo fang qi	174	2026-10-02		thuocl-it
计算复杂度	ji suan fu za du	174	2026-10-02		thuocl-it
计算机软件	ji suan ji ruan jian	174	2026-10-02		thuocl-it
调度策略	diao du ce lve	174	2026-10-02		thuocl-it
远程调试	yuan cheng tiao shi	174	2026-10-02		thuocl-it
通用寄存器	tong yong ji cun qi	174	2026-10-02		thuocl-it
键盘录入	jian pan lu ru	174	2026-10-02		thuocl-it
二分搜索	er fen sou suo	173	2026-10-02		thuocl-it
二进制日志	er jin zhi ri zhi	173	2026-10-02		thuocl-it
前端工程师	qian duan gong cheng shi	173	2026-10-02		thuocl-it
多线程安全	duo xian cheng an quan	173	2026-10-02		thuocl-it
多线程技术	duo xian cheng ji shu	173	2026-10-02		thuocl-it
字符集编码	zi fu ji bian ma	173	2026-10-02		thuocl-it
客户端开发	ke hu duan kai fa	173	2026-10-02		thuocl-it
应用性能	ying yong xing neng	173	2026-10-02		thuocl-it
指针传递	zhi zhen chuan di	173	2026-10-02		thuocl-it
接口隔离原则	jie kou ge li yuan ze	173	2026-10-02		thuocl-it
插件开发	cha jian kai fa	173	2026-10-02		thuocl-it
文档注释	wen dang zhu shi	173	2026-10-02		thuocl-it
查找算法	cha zhao suan fa	173	2026-10-02		thuocl-it
特征空间	te zheng kong jian	173	2026-10-02		thuocl-it
状态压缩	zhuang tai ya suo	173	2026-10-02		thuocl-it
生成图片	sheng cheng tu pian	173	2026-10-02		thuocl-it
矩阵快速幂	ju zhen kuai su mi	173	2026-10-02		thuocl-it
窗口标题	chuang kou biao ti	173	2026-10-02		thuocl-it
窗口管理器	chuang kou guan li qi	173	2026-10-02		thuocl-it
系统框架	xi tong kuang jia	173	2026-10-02		thuocl-it
自定义方法	zi ding yi fang fa	173	2026-10-02		thuocl-it
虚拟设备	xu ni she bei	173	2026-10-02		thuocl-it
谷歌浏览器	gu ge liu lan qi	173	2026-10-02		thuocl-it
进程上下文	jin cheng shang xia wen	173	2026-10-02		thuocl-it
逻辑表达式	luo ji biao da shi	173	2026-10-02		thuocl-it
集群配置	ji qun pei zhi	173	2026-10-02		thuocl-it
驱动模块	qu dong mo kuai	173	2026-10-02		thuocl-it
保留两位小数	bao liu liang wei xiao shu	172	2026-10-02		thuocl-it
全文搜索	quan wen sou suo	172	2026-10-02		thuocl-it
后台服务器	hou tai fu wu qi	172	2026-10-02		thuocl-it
回归测试	hui gui ce shi	172	2026-10-02		thuocl-it
多线程同步	duo xian cheng tong bu	172	2026-10-02		thuocl-it
屏幕坐标	ping mu zuo biao	172	2026-10-02		thuocl-it
开发工程师	kai fa gong cheng shi	172	2026-10-02		thuocl-it
循环链表	xun huan lian biao	172	2026-10-02		thuocl-it
性能监控	xing neng jian kong	172	2026-10-02		thuocl-it
所见即所得	suo jian ji suo de	172	2026-10-02		thuocl-it
扫描二维码	sao miao er wei ma	172	2026-10-02		thuocl-it
播放音频	bo fang yin pin	172	2026-10-02		thuocl-it
文件搜索	wen jian sou suo	172	2026-10-02		thuocl-it
机房收费系统	ji fang shou fei xi tong	172	2026-10-02		thuocl-it
欢迎界面	huan ying jie mian	172	2026-10-02		thuocl-it
测试驱动开发	ce shi qu dong kai fa	172	2026-10-02		thuocl-it
版本兼容	ban ben jian rong	172	2026-10-02		thuocl-it
环境设置	huan jing she zhi	172	2026-10-02		thuocl-it
现代操作系统	xian dai cao zuo xi tong	172	2026-10-02		thuocl-it
真机测试	zhen ji ce shi	172	2026-10-02		thuocl-it
程序模块	cheng xu mo kuai	172	2026-10-02		thuocl-it
简单工厂	jian dan gong chang	172	2026-10-02		thuocl-it
结束进程	jie shu jin cheng	172	2026-10-02		thuocl-it
虚拟化技术	xu ni hua ji shu	172	2026-10-02		thuocl-it
输入验证	shu ru yan zheng	172	2026-10-02		thuocl-it
远程方法调用	yuan cheng fang fa diao yong	172	2026-10-02		thuocl-it
静态全局变量	jing tai quan ju bian liang	172	2026-10-02		thuocl-it
项目构建	xiang mu gou jian	172	2026-10-02		thuocl-it
顺序存储结构	shun xu cun chu jie gou	172	2026-10-02		thuocl-it
预处理指令	yu chu li zhi ling	172	2026-10-02		thuocl-it
二级域名	er ji yu ming	171	2026-10-02		thuocl-it
代码仓库	dai ma cang ku	171	2026-10-02		thuocl-it
关于数据库	guan yu shu ju ku	171	2026-10-02		thuocl-it
函数表达式	han shu biao da shi	171	2026-10-02		thuocl-it
切换动画	qie huan dong hua	171	2026-10-02		thuocl-it
刷新数据	shua xin shu ju	171	2026-10-02		thuocl-it
前端页面	qian duan ye mian	171	2026-10-02		thuocl-it
各种错误	ge zhong cuo wu	171	2026-10-02		thuocl-it
官方教程	guan fang jiao cheng	171	2026-10-02		thuocl-it
客户端测试	ke hu duan ce shi	171	2026-10-02		thuocl-it
广播接收者	guang bo jie shou zhe	171	2026-10-02		thuocl-it
开发者工具	kai fa zhe gong ju	171	2026-10-02		thuocl-it
开发者账号	kai fa zhe zhang hao	171	2026-10-02		thuocl-it
打开程序	da kai cheng xu	171	2026-10-02		thuocl-it
批量插入	pi liang cha ru	171	2026-10-02		thuocl-it
持久层框架	chi jiu ceng kuang jia	171	2026-10-02		thuocl-it
条件运算符	tiao jian yun suan fu	171	2026-10-02		thuocl-it
查询优化	cha xun you hua	171	2026-10-02		thuocl-it
源代码分析	yuan dai ma fen xi	171	2026-10-02		thuocl-it
界面效果	jie mian xiao guo	171	2026-10-02		thuocl-it
监控工具	jian kong gong ju	171	2026-10-02		thuocl-it
硬件地址	ying jian di zhi	171	2026-10-02		thuocl-it
网络类型	wang luo lei xing	171	2026-10-02		thuocl-it
输入模式	shu ru mo shi	171	2026-10-02		thuocl-it
随机字符串	sui ji zi fu chuan	171	2026-10-02		thuocl-it
项目设置	xiang mu she zhi	171	2026-10-02		thuocl-it
鼠标悬停	shu biao xuan ting	171	2026-10-02		thuocl-it
人脸检测	ren lian jian ce	170	2026-10-02		thuocl-it
传递函数	chuan di han shu	170	2026-10-02		thuocl-it
内存分析	nei cun fen xi	170	2026-10-02		thuocl-it
分布式处理	fen bu shi chu li	170	2026-10-02		thuocl-it
动态规划算法	dong tai gui hua suan fa	170	2026-10-02		thuocl-it
反编译工具	fan bian yi gong ju	170	2026-10-02		thuocl-it
开发调试	kai fa tiao shi	170	2026-10-02		thuocl-it
批量更新	pi liang geng xin	170	2026-10-02		thuocl-it
括号匹配	kuo hao pi pei	170	2026-10-02		thuocl-it
滚动数组	gun dong shu zu	170	2026-10-02		thuocl-it
算术表达式	suan shu biao da shi	170	2026-10-02		thuocl-it
终端命令	zhong duan ming ling	170	2026-10-02		thuocl-it
裸题	luo ti	170	2026-10-02		thuocl-it
路由协议	lu you xie yi	170	2026-10-02		thuocl-it
迭代器模式	die dai qi mo shi	170	2026-10-02		thuocl-it
上传数据	shang chuan shu ju	169	2026-10-02		thuocl-it
中文显示	zhong wen xian shi	169	2026-10-02		thuocl-it
交换排序	jiao huan pai xu	169	2026-10-02		thuocl-it
代码混淆	dai ma hun xiao	169	2026-10-02		thuocl-it
关系模型	guan xi mo xing	169	2026-10-02		thuocl-it
关闭程序	guan bi cheng xu	169	2026-10-02		thuocl-it
冲突解决	chong tu jie jue	169	2026-10-02		thuocl-it
匹配问题	pi pei wen ti	169	2026-10-02		thuocl-it
单调队列	dan diao dui lie	169	2026-10-02		thuocl-it
命令行操作	ming ling hang cao zuo	169	2026-10-02		thuocl-it
图片转换	tu pian zhuan huan	169	2026-10-02		thuocl-it
字符变量	zi fu bian liang	169	2026-10-02		thuocl-it
工程配置	gong cheng pei zhi	169	2026-10-02		thuocl-it
应用部署	ying yong bu shu	169	2026-10-02		thuocl-it
开发环境搭建	kai fa huan jing da jian	169	2026-10-02		thuocl-it
快速排序算法	kuai su pai xu suan fa	169	2026-10-02		thuocl-it
扩展模块	kuo zhan mo kuai	169	2026-10-02		thuocl-it
播放声音	bo fang sheng yin	169	2026-10-02		thuocl-it
数据库开发	shu ju ku kai fa	169	2026-10-02		thuocl-it
数据组织	shu ju zu zhi	169	2026-10-02		thuocl-it
数组操作	shu zu cao zuo	169	2026-10-02		thuocl-it
文件解析	wen jian jie xi	169	2026-10-02		thuocl-it
文本分类	wen ben fen lei	169	2026-10-02		thuocl-it
标签属性	biao qian shu xing	169	2026-10-02		thuocl-it
消息中间件	xiao xi zhong jian jian	169	2026-10-02		thuocl-it
清理缓存	qing li huan cun	169	2026-10-02		thuocl-it
激活函数	ji huo han shu	169	2026-10-02		thuocl-it
签名文件	qian ming wen jian	169	2026-10-02		thuocl-it
系统底层	xi tong di ceng	169	2026-10-02		thuocl-it
编译打包	bian yi da bao	169	2026-10-02		thuocl-it
网络加载	wang luo jia zai	169	2026-10-02		thuocl-it
网络字节序	wang luo zi jie xu	169	2026-10-02		thuocl-it
聚合关系	ju he guan xi	169	2026-10-02		thuocl-it
表达式语言	biao da shi yu yan	169	2026-10-02		thuocl-it
访问限制	fang wen xian zhi	169	2026-10-02		thuocl-it
随机森林	sui ji sen lin	169	2026-10-02		thuocl-it
静态注册	jing tai zhu ce	169	2026-10-02		thuocl-it
二进制数字	er jin zhi shu zi	168	2026-10-02		thuocl-it
代码生成器	dai ma sheng cheng qi	168	2026-10-02		thuocl-it
任务管理	ren wu guan li	168	2026-10-02		thuocl-it
内核函数	nei he han shu	168	2026-10-02		thuocl-it
匈牙利算法	xiong ya li suan fa	168	2026-10-02		thuocl-it
图形绘制	tu xing hui zhi	168	2026-10-02		thuocl-it
图片缩放	tu pian suo fang	168	2026-10-02		thuocl-it
地址传递	di zhi chuan di	168	2026-10-02		thuocl-it
外键关联	wai jian guan lian	168	2026-10-02		thuocl-it
多线程处理	duo xian cheng chu li	168	2026-10-02		thuocl-it
字体设置	zi ti she zhi	168	2026-10-02		thuocl-it
安装部署	an zhuang bu shu	168	2026-10-02		thuocl-it
属性选择器	shu xing xuan ze qi	168	2026-10-02		thuocl-it
工具提示	gong ju ti shi	168	2026-10-02		thuocl-it
手机浏览器	shou ji liu lan qi	168	2026-10-02		thuocl-it
投影矩阵	tou ying ju zhen	168	2026-10-02		thuocl-it
数据划分	shu ju hua fen	168	2026-10-02		thuocl-it
服务器环境	fu wu qi huan jing	168	2026-10-02		thuocl-it
服务框架	fu wu kuang jia	168	2026-10-02		thuocl-it
服务调用	fu wu diao yong	168	2026-10-02		thuocl-it
标准模板库	biao zhun mu ban ku	168	2026-10-02		thuocl-it
检查程序	jian cha cheng xu	168	2026-10-02		thuocl-it
版本控制工具	ban ben kong zhi gong ju	168	2026-10-02		thuocl-it
目录服务	mu lu fu wu	168	2026-10-02		thuocl-it
直接存取	zhi jie cun qu	168	2026-10-02		thuocl-it
线性结构	xian xing jie gou	168	2026-10-02		thuocl-it
绑定服务	bang ding fu wu	168	2026-10-02		thuocl-it
网页开发	wang ye kai fa	168	2026-10-02		thuocl-it
进程内存	jin cheng nei cun	168	2026-10-02		thuocl-it
静态网页	jing tai wang ye	168	2026-10-02		thuocl-it
页面缓存	ye mian huan cun	168	2026-10-02		thuocl-it
三元运算符	san yuan yun suan fu	167	2026-10-02		thuocl-it
中文输入法	zhong wen shu ru fa	167	2026-10-02		thuocl-it
主成分分析	zhu cheng fen fen xi	167	2026-10-02		thuocl-it
代码托管	dai ma tuo guan	167	2026-10-02		thuocl-it
代码管理	dai ma guan li	167	2026-10-02		thuocl-it
关联容器	guan lian rong qi	167	2026-10-02		thuocl-it
关联查询	guan lian cha xun	167	2026-10-02		thuocl-it
动态编译	dong tai bian yi	167	2026-10-02		thuocl-it
反向传播	fan xiang chuan bo	167	2026-10-02		thuocl-it
命令详解	ming ling xiang jie	167	2026-10-02		thuocl-it
唤醒等待	huan xing deng dai	167	2026-10-02		thuocl-it
布尔表达式	bu er biao da shi	167	2026-10-02		thuocl-it
异步加载图片	yi bu jia zai tu pian	167	2026-10-02		thuocl-it
循环队列	xun huan dui lie	167	2026-10-02		thuocl-it
抓包工具	zhua bao gong ju	167	2026-10-02		thuocl-it
拼写检查	pin xie jian cha	167	2026-10-02		thuocl-it
搜素	sou su	167	2026-10-02		thuocl-it
旋转屏幕	xuan zhuan ping mu	167	2026-10-02		thuocl-it
无监督学习	wu jian du xue xi	167	2026-10-02		thuocl-it
框架开发	kuang jia kai fa	167	2026-10-02		thuocl-it
硬件信息	ying jian xin xi	167	2026-10-02		thuocl-it
程序修改	cheng xu xiu gai	167	2026-10-02		thuocl-it
程序源代码	cheng xu yuan dai ma	167	2026-10-02		thuocl-it
稳定排序	wen ding pai xu	167	2026-10-02		thuocl-it
第三方插件	di san fang cha jian	167	2026-10-02		thuocl-it
管理应用程序	guan li ying yong cheng xu	167	2026-10-02		thuocl-it
精度问题	jing du wen ti	167	2026-10-02		thuocl-it
系统引导	xi tong yin dao	167	2026-10-02		thuocl-it
系统核心	xi tong he xin	167	2026-10-02		thuocl-it
编码解码	bian ma jie ma	167	2026-10-02		thuocl-it
编译配置	bian yi pei zhi	167	2026-10-02		thuocl-it
路径压缩	lu jing ya suo	167	2026-10-02		thuocl-it
转换流	zhuan huan liu	167	2026-10-02		thuocl-it
部署项目	bu shu xiang mu	167	2026-10-02		thuocl-it
随机数生成器	sui ji shu sheng cheng qi	167	2026-10-02		thuocl-it
静态局部变量	jing tai ju bu bian liang	167	2026-10-02		thuocl-it
代价函数	dai jia han shu	166	2026-10-02		thuocl-it
代码检查	dai ma jian cha	166	2026-10-02		thuocl-it
发布证书	fa bu zheng shu	166	2026-10-02		thuocl-it
性能测试工具	xing neng ce shi gong ju	166	2026-10-02		thuocl-it
抽象数据类型	chou xiang shu ju lei xing	166	2026-10-02		thuocl-it
拒绝服务	ju jue fu wu	166	2026-10-02		thuocl-it
版本冲突	ban ben chong tu	166	2026-10-02		thuocl-it
畅通工程	chang tong gong cheng	166	2026-10-02		thuocl-it
盒子模型	he zi mo xing	166	2026-10-02		thuocl-it
程序运行时间	cheng xu yun xing shi jian	166	2026-10-02		thuocl-it
签名证书	qian ming zheng shu	166	2026-10-02		thuocl-it
系统需求	xi tong xu qiu	166	2026-10-02		thuocl-it
线程间的通信	xian cheng jian de tong xin	166	2026-10-02		thuocl-it
绑定变量	bang ding bian liang	166	2026-10-02		thuocl-it
编译源码	bian yi yuan ma	166	2026-10-02		thuocl-it
网站架构	wang zhan jia gou	166	2026-10-02		thuocl-it
自动部署	zi dong bu shu	166	2026-10-02		thuocl-it
表达式计算	biao da shi ji suan	166	2026-10-02		thuocl-it
装饰器模式	zhuang shi qi mo shi	166	2026-10-02		thuocl-it
过程分析	guo cheng fen xi	166	2026-10-02		thuocl-it
页面渲染	ye mian xuan ran	166	2026-10-02		thuocl-it
世界坐标系	shi jie zuo biao xi	165	2026-10-02		thuocl-it
串口通信	chuan kou tong xin	165	2026-10-02		thuocl-it
代码重构	dai ma chong gou	165	2026-10-02		thuocl-it
作业调度	zuo ye diao du	165	2026-10-02		thuocl-it
信息隐藏	xin xi yin cang	165	2026-10-02		thuocl-it
内存映射文件	nei cun ying she wen jian	165	2026-10-02		thuocl-it
内核开发	nei he kai fa	165	2026-10-02		thuocl-it
合并排序	he bing pai xu	165	2026-10-02		thuocl-it
同步控制	tong bu kong zhi	165	2026-10-02		thuocl-it
命名约定	ming ming yue ding	165	2026-10-02		thuocl-it
基本数据结构	ji ben shu ju jie gou	165	2026-10-02		thuocl-it
存取方法	cun qu fang fa	165	2026-10-02		thuocl-it
局部内部类	ju bu nei bu lei	165	2026-10-02		thuocl-it
异常处理程序	yi chang chu li cheng xu	165	2026-10-02		thuocl-it
执行上下文	zhi xing shang xia wen	165	2026-10-02		thuocl-it
指针参数	zhi zhen can shu	165	2026-10-02		thuocl-it
指针移动	zhi zhen yi dong	165	2026-10-02		thuocl-it
数字信号处理	shu zi xin hao chu li	165	2026-10-02		thuocl-it
数据源配置	shu ju yuan pei zhi	165	2026-10-02		thuocl-it
数据预处理	shu ju yu chu li	165	2026-10-02		thuocl-it
文件查找	wen jian cha zhao	165	2026-10-02		thuocl-it
日期转换	ri qi zhuan huan	165	2026-10-02		thuocl-it
曼哈顿距离	man ha dun ju li	165	2026-10-02		thuocl-it
本地应用	ben di ying yong	165	2026-10-02		thuocl-it
概率模型	gai lv mo xing	165	2026-10-02		thuocl-it
源码实现	yuan ma shi xian	165	2026-10-02		thuocl-it
程序状态	cheng xu zhuang tai	165	2026-10-02		thuocl-it
网络框架	wang luo kuang jia	165	2026-10-02		thuocl-it
自动构建	zi dong gou jian	165	2026-10-02		thuocl-it
自定义消息	zi ding yi xiao xi	165	2026-10-02		thuocl-it
获取路径	huo qu lu jing	165	2026-10-02		thuocl-it
计算机管理	ji suan ji guan li	165	2026-10-02		thuocl-it
贪心策略	tan xin ce lve	165	2026-10-02		thuocl-it
跨域访问	kua yu fang wen	165	2026-10-02		thuocl-it
进程优先级	jin cheng you xian ji	165	2026-10-02		thuocl-it
页面切换	ye mian qie huan	165	2026-10-02		thuocl-it
顺序处理	shun xu chu li	165	2026-10-02		thuocl-it
上下滚动	shang xia gun dong	164	2026-10-02		thuocl-it
主从同步	zhu cong tong bu	164	2026-10-02		thuocl-it
人工神经网络	ren gong shen jing wang luo	164	2026-10-02		thuocl-it
信息增益	xin xi zeng yi	164	2026-10-02		thuocl-it
傅里叶变换	fu li ye bian huan	164	2026-10-02		thuocl-it
关联规则	guan lian gui ze	164	2026-10-02		thuocl-it
内核编译	nei he bian yi	164	2026-10-02		thuocl-it
删除程序	shan chu cheng xu	164	2026-10-02		thuocl-it
图像特征	tu xiang te zheng	164	2026-10-02		thuocl-it
基础数据类型	ji chu shu ju lei xing	164	2026-10-02		thuocl-it
官网文档	guan wang wen dang	164	2026-10-02		thuocl-it
数据库索引	shu ju ku suo yin	164	2026-10-02		thuocl-it
文件备份	wen jian bei fen	164	2026-10-02		thuocl-it
查找时间	cha zhao shi jian	164	2026-10-02		thuocl-it
概要设计	gai yao she ji	164	2026-10-02		thuocl-it
消息提示	xiao xi ti shi	164	2026-10-02		thuocl-it
自定义动画	zi ding yi dong hua	164	2026-10-02		thuocl-it
自定义注解	zi ding yi zhu jie	164	2026-10-02		thuocl-it
距离计算	ju li ji suan	164	2026-10-02		thuocl-it
路由选择	lu you xuan ze	164	2026-10-02		thuocl-it
选择结构	xuan ze jie gou	164	2026-10-02		thuocl-it
里氏替换原则	li shi ti huan yuan ze	164	2026-10-02		thuocl-it
互联网产品	hu lian wang chan pin	163	2026-10-02		thuocl-it
互联网金融	hu lian wang jin rong	163	2026-10-02		thuocl-it
倒排索引	dao pai suo yin	163	2026-10-02		thuocl-it
创建虚拟机	chuang jian xu ni ji	163	2026-10-02		thuocl-it
参数绑定	can shu bang ding	163	2026-10-02		thuocl-it
反射技术	fan she ji shu	163	2026-10-02		thuocl-it
可变字符串	ke bian zi fu chuan	163	2026-10-02		thuocl-it
可视化工具	ke shi hua gong ju	163	2026-10-02		thuocl-it
在线帮助	zai xian bang zhu	163	2026-10-02		thuocl-it
大数据技术	da shu ju ji shu	163	2026-10-02		thuocl-it
字符处理	zi fu chu li	163	2026-10-02		thuocl-it
按需加载	an xu jia zai	163	2026-10-02		thuocl-it
日期函数	ri qi han shu	163	2026-10-02		thuocl-it
构造代码块	gou zao dai ma kuai	163	2026-10-02		thuocl-it
注册过程	zhu ce guo cheng	163	2026-10-02		thuocl-it
浏览器版本	liu lan qi ban ben	163	2026-10-02		thuocl-it
演示程序	yan shi cheng xu	163	2026-10-02		thuocl-it
生成二维码	sheng cheng er wei ma	163	2026-10-02		thuocl-it
类型推断	lei xing tui duan	163	2026-10-02		thuocl-it
自动拆箱	zi dong chai xiang	163	2026-10-02		thuocl-it
调用约定	diao yong yue ding	163	2026-10-02		thuocl-it
逻辑控制	luo ji kong zhi	163	2026-10-02		thuocl-it
链式存储结构	lian shi cun chu jie gou	163	2026-10-02		thuocl-it
面向切面	mian xiang qie mian	163	2026-10-02		thuocl-it
音频编码	yin pin bian ma	163	2026-10-02		thuocl-it
顺序调用	shun xu diao yong	163	2026-10-02		thuocl-it
临时表空间	lin shi biao kong jian	162	2026-10-02		thuocl-it
依赖倒转原则	yi lai dao zhuan yuan ze	162	2026-10-02		thuocl-it
分支管理	fen zhi guan li	162	2026-10-02		thuocl-it
双向通信	shuang xiang tong xin	162	2026-10-02		thuocl-it
后缀表达式	hou zhui biao da shi	162	2026-10-02		thuocl-it
字符串资源	zi fu chuan zi yuan	162	2026-10-02		thuocl-it
客户端服务器	ke hu duan fu wu qi	162	2026-10-02		thuocl-it
描述方法	miao shu fang fa	162	2026-10-02		thuocl-it
插件使用	cha jian shi yong	162	2026-10-02		thuocl-it
数据持久	shu ju chi jiu	162	2026-10-02		thuocl-it
文件尺寸	wen jian chi cun	162	2026-10-02		thuocl-it
服务器存储	fu wu qi cun chu	162	2026-10-02		thuocl-it
浏览器兼容性	liu lan qi jian rong xing	162	2026-10-02		thuocl-it
滚动效果	gun dong xiao guo	162	2026-10-02		thuocl-it
磁盘驱动器	ci pan qu dong qi	162	2026-10-02		thuocl-it
简单选择排序	jian dan xuan ze pai xu	162	2026-10-02		thuocl-it
系统硬件	xi tong ying jian	162	2026-10-02		thuocl-it
自动测试	zi dong ce shi	162	2026-10-02		thuocl-it
获取用户信息	huo qu yong hu xin xi	162	2026-10-02		thuocl-it
进程间通讯	jin cheng jian tong xun	162	2026-10-02		thuocl-it
里氏代换原则	li shi dai huan yuan ze	162	2026-10-02		thuocl-it
页面效果	ye mian xiao guo	162	2026-10-02		thuocl-it
项目打包	xiang mu da bao	162	2026-10-02		thuocl-it
二进制字符	er jin zhi zi fu	161	2026-10-02		thuocl-it
代码大全	dai ma da quan	161	2026-10-02		thuocl-it
内核驱动	nei he qu dong	161	2026-10-02		thuocl-it
函数绑定	han shu bang ding	161	2026-10-02		thuocl-it
参数解析	can shu jie xi	161	2026-10-02		thuocl-it
地址解析协议	di zhi jie xi xie yi	161	2026-10-02		thuocl-it
垃圾回收算法	la ji hui shou suan fa	161	2026-10-02		thuocl-it
完整性约束	wan zheng xing yue shu	161	2026-10-02		thuocl-it
手机开发	shou ji kai fa	161	2026-10-02		thuocl-it
概念模型	gai nian mo xing	161	2026-10-02		thuocl-it
模块开发	mo kuai kai fa	161	2026-10-02		thuocl-it
注解配置	zhu jie pei zhi	161	2026-10-02		thuocl-it
消息通信	xiao xi tong xin	161	2026-10-02		thuocl-it
设备描述	she bei miao shu	161	2026-10-02		thuocl-it
门面模式	men mian mo shi	161	2026-10-02		thuocl-it
静态代理	jing tai dai li	161	2026-10-02		thuocl-it
静态绑定	jing tai bang ding	161	2026-10-02		thuocl-it
验证用户名	yan zheng yong hu ming	161	2026-10-02		thuocl-it
默认方法	mo ren fang fa	161	2026-10-02		thuocl-it
