# source: wikipedia-slang; CC BY-SA 4.0, see sources.json and SOURCES.md
一首凉凉送给你	yi shou liang liang song gei ni	200	2026-10-03		wikipedia-slang
世界是个草台班子	shi jie shi ge cao tai ban zi	200	2026-10-03		wikipedia-slang
世界那么大我想去看看	shi jie na me da wo xiang qu kan kan	200	2026-10-03		wikipedia-slang
主要看气质	zhu yao kan qi zhi	200	2026-10-03		wikipedia-slang
京爷	jing ye	200	2026-10-03		wikipedia-slang
伤害性不高侮辱性极强	shang hai xing bu gao wu ru xing ji qiang	200	2026-10-03		wikipedia-slang
低智商的善良	di zhi shang de shan liang	200	2026-10-03		wikipedia-slang
你们城里人真会玩儿	ni men cheng li ren zhen hui wan er	200	2026-10-03		wikipedia-slang
你已急哭	ni yi ji ku	200	2026-10-03		wikipedia-slang
你的良心不会痛吗	ni de liang xin bu hui tong ma	200	2026-10-03		wikipedia-slang
偏偏你最争气	pian pian ni zui zheng qi	200	2026-10-03		wikipedia-slang
内心几乎是崩溃的	nei xin ji hu shi beng kui de	200	2026-10-03		wikipedia-slang
力工思维	li gong si wei	200	2026-10-03		wikipedia-slang
助我破鼎	zhu wo po ding	200	2026-10-03		wikipedia-slang
千百次练习只为这一刻	qian bai ci lian xi zhi wei zhe yi ke	200	2026-10-03		wikipedia-slang
吓死宝宝了	xia si bao bao le	200	2026-10-03		wikipedia-slang
含金量还在上升	han jin liang hai zai shang sheng	200	2026-10-03		wikipedia-slang
吸狗	xi gou	200	2026-10-03		wikipedia-slang
吸猫	xi mao	200	2026-10-03		wikipedia-slang
啊痛悟蜡	a tong wu la	200	2026-10-03		wikipedia-slang
回笼漂	hui long piao	200	2026-10-03		wikipedia-slang
圆头耄耋	yuan tou mao die	200	2026-10-03		wikipedia-slang
好嗨哟	hao hai yo	200	2026-10-03		wikipedia-slang
如何呢又能怎	ru he ne you neng zen	200	2026-10-03		wikipedia-slang
定个小目标	ding ge xiao mu biao	200	2026-10-03		wikipedia-slang
小伙伴们都惊呆了	xiao huo ban men dou jing dai le	200	2026-10-03		wikipedia-slang
山姆规则	shan mu gui ze	200	2026-10-03		wikipedia-slang
我不要你觉得	wo bu yao ni jue de	200	2026-10-03		wikipedia-slang
我也是醉了	wo ye shi zui le	200	2026-10-03		wikipedia-slang
我伙惊	wo huo jing	200	2026-10-03		wikipedia-slang
我劝你善良	wo quan ni shan liang	200	2026-10-03		wikipedia-slang
我太南了	wo tai nan le	200	2026-10-03		wikipedia-slang
我看不懂但我大受震撼	wo kan bu dong dan wo da shou zhen han	200	2026-10-03		wikipedia-slang
我要我觉得	wo yao wo jue de	200	2026-10-03		wikipedia-slang
我读书少你别骗我	wo du shu shao ni bie pian wo	200	2026-10-03		wikipedia-slang
挖掘机技术哪家强	wa jue ji ji shu na jia qiang	200	2026-10-03		wikipedia-slang
敬自己一杯	jing zi ji yi bei	200	2026-10-03		wikipedia-slang
旋转猫	xuan zhuan mao	200	2026-10-03		wikipedia-slang
是个狼人	shi ge lang ren	200	2026-10-03		wikipedia-slang
有钱就是任性	you qian jiu shi ren xing	200	2026-10-03		wikipedia-slang
村咖	cun ka	200	2026-10-03		wikipedia-slang
浪浪山小妖怪	lang lang shan xiao yao guai	200	2026-10-03		wikipedia-slang
爱你老己	ai ni lao ji	200	2026-10-03		wikipedia-slang
画美不看	hua mei bu kan	200	2026-10-03		wikipedia-slang
画面太美我不敢看	hua mian tai mei wo bu gan kan	200	2026-10-03		wikipedia-slang
百错仍硕	bai cuo reng shuo	200	2026-10-03		wikipedia-slang
确认过眼神	que ren guo yan shen	200	2026-10-03		wikipedia-slang
神马都是浮云	shen ma dou shi fu yun	200	2026-10-03		wikipedia-slang
花西币	hua xi bi	200	2026-10-03		wikipedia-slang
融梗	rong geng	200	2026-10-03		wikipedia-slang
误闯天家	wu chuang tian jia	200	2026-10-03		wikipedia-slang
贫穷限制了我的想象力	pin qiong xian zhi le wo de xiang xiang li	200	2026-10-03		wikipedia-slang
赛博对账	sai bo dui zhang	200	2026-10-03		wikipedia-slang
躺着也中枪	tang zhe ye zhong qiang	200	2026-10-03		wikipedia-slang
还有这种操作	hai you zhe zhong cao zuo	200	2026-10-03		wikipedia-slang
高端大气上档次	gao duan da qi shang dang ci	200	2026-10-03		wikipedia-slang
高速运转的机械	gao su yun zhuan de ji xie	200	2026-10-03		wikipedia-slang
