# source: wanxiang-new; see sources.json and SOURCES.md
宁静	ning jing	300	2026-10-02		wanxiang-new
就定	jiu ding	300	2026-10-02		wanxiang-new
王化	wang hua	287	2026-10-02		wanxiang-new
鲜葱	xian cong	286	2026-10-02		wanxiang-new
斜流	xie liu	276	2026-10-02		wanxiang-new
乱情	luan qing	272	2026-10-02		wanxiang-new
一份是	yi fen shi	263	2026-10-02		wanxiang-new
它俩	ta lia	260	2026-10-02		wanxiang-new
敌袭	di xi	259	2026-10-02		wanxiang-new
脑仁	nao ren	256	2026-10-02		wanxiang-new
乱清	luan qing	251	2026-10-02		wanxiang-new
装到哪里	zhuang dao na li	250	2026-10-02		wanxiang-new
新写的	xin xie de	236	2026-10-02		wanxiang-new
压缩效率	ya suo xiao lv	231	2026-10-02		wanxiang-new
发句	fa ju	231	2026-10-02		wanxiang-new
照骂不误	zhao ma bu wu	224	2026-10-02		wanxiang-new
分布开	fen bu kai	219	2026-10-02		wanxiang-new
分两种	fen liang zhong	217	2026-10-02		wanxiang-new
未承想	wei cheng xiang	217	2026-10-02		wanxiang-new
跑够	pao gou	215	2026-10-02		wanxiang-new
办哇	ban wa	211	2026-10-02		wanxiang-new
撞到哪里	zhuang dao na li	204	2026-10-02		wanxiang-new
看的时候	kan de shi hou	201	2026-10-02		wanxiang-new
这不扯吗	zhe bu che ma	201	2026-10-02		wanxiang-new
