# source: wiktionary-slang; CC BY-SA 4.0, see sources.json and SOURCES.md
中回力镖	zhong hui li biao	200	2026-10-03		wiktionary-slang
主包	zhu bao	200	2026-10-03		wiktionary-slang
乃们	nai men	200	2026-10-03		wiktionary-slang
了个寂寞	le ge ji mo	200	2026-10-03		wiktionary-slang
你开心就好	ni kai xin jiu hao	200	2026-10-03		wiktionary-slang
修沟	xiu gou	200	2026-10-03		wiktionary-slang
兽迷	shou mi	200	2026-10-03		wiktionary-slang
名词大动词	ming ci da dong ci	200	2026-10-03		wiktionary-slang
听君一席话如听一席话	ting jun yi xi hua ru ting yi xi hua	200	2026-10-03		wiktionary-slang
呕泥酱	ou ni jiang	200	2026-10-03		wiktionary-slang
哈基米	ha ji mi	200	2026-10-03		wiktionary-slang
哈基米南北绿豆	ha ji mi nan bei lv dou	200	2026-10-03		wiktionary-slang
啊我死了	a wo si le	200	2026-10-03		wiktionary-slang
嗦嘎	suo ga	200	2026-10-03		wiktionary-slang
块陶	kuai tao	200	2026-10-03		wiktionary-slang
复制文	fu zhi wen	200	2026-10-03		wiktionary-slang
复更	fu geng	200	2026-10-03		wiktionary-slang
小公举	xiao gong ju	200	2026-10-03		wiktionary-slang
巴拉巴拉	ba la ba la	200	2026-10-03		wiktionary-slang
忍一时越想越气	ren yi shi yue xiang yue qi	200	2026-10-03		wiktionary-slang
怒答	nu da	200	2026-10-03		wiktionary-slang
扩列	kuo lie	200	2026-10-03		wiktionary-slang
抖内	dou nei	200	2026-10-03		wiktionary-slang
拍谢	pai xie	200	2026-10-03		wiktionary-slang
拖更	tuo geng	200	2026-10-03		wiktionary-slang
掰头	bai tou	200	2026-10-03		wiktionary-slang
旮旯给木	ga la gei mu	200	2026-10-03		wiktionary-slang
智熄	zhi xi	200	2026-10-03		wiktionary-slang
木大	mu da	200	2026-10-03		wiktionary-slang
桥豆麻袋	qiao dou ma dai	200	2026-10-03		wiktionary-slang
森七七	sen qi qi	200	2026-10-03		wiktionary-slang
水啦	shui la	200	2026-10-03		wiktionary-slang
活字乱刷术	huo zi luan shua shu	200	2026-10-03		wiktionary-slang
深藏功与名	shen cang gong yu ming	200	2026-10-03		wiktionary-slang
温拿	wen na	200	2026-10-03		wiktionary-slang
炸号	zha hao	200	2026-10-03		wiktionary-slang
焚诀	fen jue	200	2026-10-03		wiktionary-slang
爱存不存	ai cun bu cun	200	2026-10-03		wiktionary-slang
爷关更	ye guan geng	200	2026-10-03		wiktionary-slang
猿粪	yuan fen	200	2026-10-03		wiktionary-slang
生草	sheng cao	200	2026-10-03		wiktionary-slang
用魔法打败魔法	yong mo fa da bai mo fa	200	2026-10-03		wiktionary-slang
申必	shen bi	200	2026-10-03		wiktionary-slang
留爪	liu zhao	200	2026-10-03		wiktionary-slang
石乐志	shi le zhi	200	2026-10-03		wiktionary-slang
神必	shen bi	200	2026-10-03		wiktionary-slang
福瑞控	fu rui kong	200	2026-10-03		wiktionary-slang
私密马赛	si mi ma sai	200	2026-10-03		wiktionary-slang
米有	mi you	200	2026-10-03		wiktionary-slang
紫薯布丁	zi shu bu ding	200	2026-10-03		wiktionary-slang
红红火火恍恍惚惚	hong hong huo huo huang huang hu hu	200	2026-10-03		wiktionary-slang
红豆泥私密马赛	hong dou ni si mi ma sai	200	2026-10-03		wiktionary-slang
老天奶	lao tian nai	200	2026-10-03		wiktionary-slang
老盆友	lao pen you	200	2026-10-03		wiktionary-slang
肥宅快乐堡	fei zhai kuai le bao	200	2026-10-03		wiktionary-slang
肥宅快乐水	fei zhai kuai le shui	200	2026-10-03		wiktionary-slang
蚌埠住	beng bu zhu	200	2026-10-03		wiktionary-slang
车万	che wan	200	2026-10-03		wiktionary-slang
退一步越想越亏	tui yi bu yue xiang yue kui	200	2026-10-03		wiktionary-slang
酱子	jiang zi	200	2026-10-03		wiktionary-slang
锅锅	guo guo	200	2026-10-03		wiktionary-slang
长辈图	zhang bei tu	200	2026-10-03		wiktionary-slang
闭眼冲	bi yan chong	200	2026-10-03		wiktionary-slang
阳过	yang guo	200	2026-10-03		wiktionary-slang
阿姨洗铁路	a yi xi tie lu	200	2026-10-03		wiktionary-slang
雀食	que shi	200	2026-10-03		wiktionary-slang
雨女无瓜	yu nv wu gua	200	2026-10-03		wiktionary-slang
鲁蛇	lu she	200	2026-10-03		wiktionary-slang
麦门	mai men	200	2026-10-03		wiktionary-slang
